Location Id,rigid8m16t,rigid8m18t,rigid10m18t,rigid10m26t,8m,10mrs,10m,12m,13m,15.5m,dd,10m_low,12m_low,13m_low,dd_count
2025,No,No,No,No,Yes,Yes,Yes,Yes,Yes,No,No,No,No,No,
2030,No,No,No,No,Yes,Yes,Yes,Yes,Yes,No,No,No,No,No,
2032,Yes,Yes,Yes,Yes,Yes,No,No,No,No,No,No,No,No,No,
2080,No,No,No,No,Yes,Yes,Yes,Yes,Yes,No,No,No,No,No,
2102,No,No,No,No,Yes,Yes,Yes,Yes,Yes,No,No,No,No,No,
2111,Yes,Yes,Yes,Yes,Yes,Yes,Yes,No,No,No,No,No,No,No,
2117,No,No,No,No,Yes,Yes,Yes,Yes,Yes,No,No,No,No,No,
2120,Yes,Yes,Yes,No,No,No,No,No,No,No,No,No,No,No,
2156,No,No,No,No,Yes,Yes,Yes,Yes,Yes,No,No,No,No,No,
2163,No,No,No,No,Yes,Yes,Yes,Yes,Yes,No,No,No,No,No,
2164,No,No,No,No,Yes,Yes,Yes,Yes,Yes,No,No,No,No,No,
2175,Yes,Yes,Yes,Yes,Yes,Yes,Yes,No,No,No,No,No,No,No,
2193,No,No,No,No,Yes,Yes,Yes,Yes,Yes,No,No,No,No,No,
2194,Yes,Yes,Yes,Yes,Yes,Yes,Yes,No,No,No,No,No,No,No,
2198,Yes,Yes,Yes,Yes,Yes,Yes,Yes,No,No,No,No,No,No,No,
2223,Yes,Yes,Yes,Yes,Yes,Yes,Yes,No,No,No,No,No,No,No,
2234,Yes,Yes,Yes,Yes,Yes,Yes,Yes,No,No,No,No,No,No,No,
2266,No,No,No,No,Yes,Yes,Yes,Yes,Yes,No,No,No,No,No,
2282,Yes,Yes,Yes,Yes,Yes,Yes,Yes,Yes,Yes,No,No,No,No,No,
2322,Yes,Yes,Yes,Yes,Yes,Yes,Yes,Yes,Yes,No,No,No,No,No,
2334,Yes,Yes,Yes,Yes,Yes,Yes,Yes,No,No,No,No,No,No,No,
2339,Yes,Yes,Yes,Yes,Yes,Yes,Yes,No,No,No,No,No,No,No,
2347,Yes,Yes,Yes,Yes,Yes,Yes,Yes,No,No,No,No,No,No,No,
2374,Yes,Yes,Yes,Yes,Yes,Yes,Yes,No,No,No,No,No,No,No,
2423,No,No,No,No,Yes,Yes,Yes,Yes,Yes,No,Yes,No,No,No,
2447,Yes,Yes,Yes,Yes,Yes,Yes,Yes,No,No,No,No,No,No,No,
2452,Yes,Yes,Yes,Yes,Yes,Yes,Yes,Yes,No,No,No,No,No,No,
2494,Yes,Yes,Yes,Yes,Yes,No,No,No,No,No,No,No,No,No,
2496,Yes,No,No,No,No,No,No,No,No,No,No,No,No,No,
2509,Yes,Yes,Yes,Yes,Yes,Yes,Yes,No,No,No,No,No,No,No,
2510,Yes,Yes,Yes,Yes,Yes,Yes,Yes,No,No,No,No,No,No,No,
2511,Yes,Yes,Yes,Yes,Yes,No,No,No,No,No,No,No,No,No,
2514,Yes,Yes,Yes,Yes,Yes,Yes,Yes,No,No,No,No,No,No,No,
2516,Yes,Yes,Yes,Yes,Yes,No,No,No,No,No,No,No,No,No,
2520,Yes,Yes,Yes,Yes,Yes,No,No,No,No,No,No,No,No,No,
2530,No,No,No,No,Yes,Yes,Yes,Yes,Yes,No,No,No,No,No,
2537,Yes,Yes,Yes,Yes,Yes,No,No,No,No,No,No,No,No,No,
2552,Yes,Yes,Yes,Yes,Yes,Yes,Yes,No,No,No,No,No,No,No,
2590,No,No,No,No,Yes,Yes,Yes,Yes,Yes,No,Yes,No,No,No,
2609,Yes,Yes,Yes,Yes,Yes,Yes,Yes,No,No,No,No,No,No,No,
2636,No,No,No,No,Yes,Yes,Yes,Yes,Yes,No,No,No,No,No,
2644,Yes,Yes,Yes,Yes,Yes,Yes,Yes,Yes,Yes,No,No,No,No,No,
2670,No,No,No,No,Yes,Yes,Yes,Yes,Yes,No,No,No,No,No,
2675,No,No,No,No,Yes,Yes,Yes,Yes,Yes,No,No,No,No,No,
2695,No,No,No,No,Yes,Yes,Yes,Yes,Yes,No,No,No,No,No,
2696,Yes,Yes,Yes,Yes,Yes,No,No,No,No,No,No,No,No,No,
2704,Yes,Yes,Yes,Yes,Yes,No,No,No,No,No,No,No,No,No,
2724,Yes,Yes,Yes,Yes,Yes,No,No,No,No,No,No,No,No,No,
2763,Yes,Yes,Yes,Yes,Yes,No,No,No,No,No,No,No,No,No,
2782,Yes,Yes,Yes,Yes,Yes,No,No,No,No,No,No,No,No,No,
2811,Yes,Yes,Yes,Yes,Yes,Yes,Yes,No,No,No,No,No,No,No,
2833,No,No,No,No,Yes,Yes,Yes,Yes,Yes,No,Yes,No,No,No,
2845,Yes,Yes,Yes,Yes,Yes,Yes,Yes,Yes,Yes,No,No,No,No,No,
2924,No,No,No,No,Yes,Yes,Yes,Yes,Yes,No,No,No,No,No,
2975,Yes,Yes,Yes,Yes,Yes,Yes,Yes,Yes,Yes,No,No,No,No,No,
30002,Yes,Yes,Yes,Yes,Yes,Yes,Yes,Yes,Yes,Yes,Yes,No,No,No,
30052,Yes,Yes,Yes,Yes,Yes,Yes,Yes,Yes,Yes,Yes,Yes,No,No,No,
30053,Yes,Yes,Yes,Yes,Yes,Yes,Yes,Yes,Yes,Yes,Yes,Yes,Yes,No,
30054,Yes,Yes,Yes,Yes,Yes,Yes,Yes,Yes,Yes,Yes,Yes,No,No,No,
30102,Yes,Yes,Yes,Yes,Yes,Yes,Yes,Yes,Yes,Yes,Yes,No,No,No,
30110,Yes,Yes,Yes,Yes,Yes,Yes,Yes,Yes,Yes,Yes,Yes,No,No,No,
30111,Yes,Yes,Yes,Yes,Yes,Yes,Yes,Yes,Yes,Yes,Yes,No,No,No,
30113,Yes,Yes,Yes,Yes,Yes,Yes,Yes,Yes,Yes,Yes,Yes,No,No,No,
3015,No,No,No,No,Yes,Yes,Yes,Yes,Yes,No,No,No,No,No,
3025,Yes,Yes,Yes,Yes,No,No,No,No,No,No,No,No,No,No,
3036,No,No,No,No,Yes,Yes,Yes,Yes,Yes,No,Yes,No,No,No,
3040,No,No,No,No,Yes,Yes,Yes,Yes,Yes,No,Yes,No,No,No,
3047,No,No,No,No,Yes,Yes,Yes,Yes,Yes,No,Yes,No,No,No,
3048,No,No,No,No,Yes,Yes,Yes,Yes,No,No,No,No,No,No,
3054,Yes,Yes,Yes,Yes,Yes,Yes,Yes,No,No,No,No,No,No,No,
3055,No,No,No,No,Yes,Yes,Yes,Yes,Yes,No,No,No,No,No,
3058,Yes,Yes,Yes,Yes,Yes,Yes,Yes,No,No,No,No,No,No,No,
3075,Yes,Yes,Yes,Yes,Yes,Yes,Yes,Yes,Yes,No,No,No,No,No,
3123,Yes,Yes,Yes,Yes,Yes,Yes,Yes,No,No,No,No,No,No,No,
3124,Yes,Yes,Yes,Yes,Yes,Yes,Yes,No,No,No,No,No,No,No,
3127,Yes,Yes,Yes,Yes,Yes,No,No,No,No,No,No,No,No,No,
3133,No,No,No,No,Yes,Yes,Yes,Yes,Yes,No,No,No,No,No,
3151,Yes,Yes,Yes,Yes,Yes,Yes,Yes,No,No,No,No,No,No,No,
3178,No,No,No,No,Yes,Yes,Yes,Yes,Yes,No,Yes,No,No,No,
3186,Yes,Yes,Yes,Yes,Yes,No,No,No,No,No,No,No,No,No,
3190,No,No,No,No,Yes,Yes,Yes,Yes,Yes,No,No,No,No,No,
3199,Yes,Yes,Yes,Yes,Yes,No,No,No,No,No,No,No,No,No,
3248,Yes,Yes,Yes,Yes,Yes,No,No,No,No,No,No,No,No,No,
3268,Yes,Yes,Yes,Yes,Yes,Yes,Yes,No,No,No,No,No,No,No,
3278,Yes,Yes,Yes,Yes,Yes,No,No,No,No,No,No,No,No,No,
3311,Yes,Yes,Yes,Yes,Yes,Yes,Yes,Yes,Yes,No,No,No,No,No,
3326,Yes,Yes,Yes,Yes,Yes,Yes,Yes,No,No,No,No,No,No,No,
3338,Yes,Yes,Yes,Yes,Yes,No,No,No,No,No,No,No,No,No,
3376,Yes,Yes,Yes,Yes,Yes,Yes,Yes,No,No,No,No,No,No,No,
3384,No,No,No,No,Yes,Yes,Yes,Yes,Yes,No,Yes,No,No,No,
3388,Yes,Yes,Yes,Yes,Yes,Yes,Yes,No,No,No,No,No,No,No,
3390,Yes,Yes,Yes,Yes,Yes,No,No,No,No,No,No,No,No,No,
3391,Yes,Yes,Yes,Yes,No,No,No,No,No,No,No,No,No,No,
34002,Yes,Yes,Yes,Yes,Yes,Yes,Yes,Yes,Yes,Yes,Yes,No,No,No,
34003,Yes,Yes,Yes,Yes,Yes,Yes,Yes,Yes,Yes,Yes,Yes,No,No,No,
3406,No,No,No,No,Yes,Yes,Yes,Yes,Yes,No,No,No,No,No,
3423,Yes,Yes,Yes,Yes,Yes,Yes,Yes,No,No,No,No,No,No,No,
3425,No,No,No,No,Yes,Yes,Yes,Yes,Yes,No,No,No,No,No,
3432,Yes,Yes,Yes,Yes,Yes,Yes,Yes,No,No,No,No,No,No,No,
3447,Yes,Yes,Yes,Yes,Yes,No,No,No,No,No,No,No,No,No,
3451,Yes,Yes,Yes,Yes,Yes,Yes,Yes,No,No,No,No,No,No,No,
34512,Yes,Yes,Yes,Yes,Yes,Yes,Yes,Yes,Yes,Yes,Yes,No,No,No,
34514,Yes,Yes,Yes,Yes,Yes,Yes,Yes,Yes,Yes,Yes,Yes,No,No,No,
34515,Yes,Yes,Yes,Yes,Yes,Yes,Yes,Yes,Yes,Yes,Yes,No,No,No,
34517,Yes,Yes,Yes,Yes,Yes,Yes,Yes,Yes,Yes,Yes,Yes,No,No,No,
3455,Yes,Yes,Yes,Yes,Yes,Yes,Yes,No,No,No,No,No,No,No,
3460,Yes,Yes,Yes,Yes,Yes,Yes,Yes,No,No,No,No,No,No,No,
3461,Yes,Yes,Yes,Yes,Yes,Yes,Yes,No,No,No,No,No,No,No,
3465,Yes,Yes,Yes,Yes,Yes,Yes,Yes,No,No,No,No,No,No,No,
3469,Yes,Yes,Yes,Yes,Yes,Yes,Yes,No,No,No,No,No,No,No,
3493,No,No,No,No,Yes,Yes,Yes,Yes,Yes,No,Yes,No,No,No,
35605,Yes,Yes,Yes,Yes,Yes,Yes,Yes,Yes,Yes,Yes,Yes,No,No,No,
35606,Yes,Yes,Yes,Yes,Yes,Yes,Yes,Yes,Yes,Yes,Yes,No,No,No,
35611,Yes,Yes,Yes,Yes,Yes,Yes,Yes,Yes,Yes,Yes,Yes,No,No,No,
35612,Yes,Yes,Yes,Yes,Yes,Yes,Yes,Yes,Yes,Yes,Yes,No,No,No,
37197,Yes,Yes,Yes,Yes,Yes,Yes,Yes,Yes,Yes,Yes,Yes,No,No,No,
37198,Yes,Yes,Yes,Yes,Yes,Yes,Yes,Yes,Yes,Yes,Yes,No,No,No,
38110,Yes,Yes,Yes,Yes,Yes,Yes,Yes,Yes,Yes,Yes,Yes,No,No,No,
38111,Yes,Yes,Yes,Yes,Yes,Yes,Yes,Yes,Yes,Yes,Yes,No,No,No,
4341,No,No,No,No,Yes,Yes,Yes,Yes,Yes,No,No,No,No,No,
4343,Yes,Yes,Yes,Yes,No,No,No,No,No,No,No,No,No,No,
4380,Yes,Yes,Yes,Yes,No,No,No,No,No,No,No,No,No,No,
4403,Yes,Yes,Yes,Yes,Yes,No,No,No,No,No,No,No,No,No,
4413,Yes,Yes,Yes,Yes,Yes,No,No,No,No,No,No,No,No,No,
4423,No,No,No,No,Yes,Yes,Yes,Yes,Yes,No,No,No,No,No,
4432,Yes,Yes,Yes,Yes,Yes,Yes,Yes,No,No,No,No,No,No,No,
4466,Yes,Yes,Yes,Yes,Yes,No,No,No,No,No,No,No,No,No,
4477,Yes,No,No,No,No,No,No,No,No,No,No,No,No,No,
4579,No,No,No,No,Yes,Yes,Yes,Yes,Yes,No,No,No,No,No,
4611,Yes,Yes,Yes,Yes,No,No,No,No,No,No,No,No,No,No,
4615,Yes,Yes,Yes,Yes,Yes,No,No,No,No,No,No,No,No,No,
4893,Yes,Yes,Yes,No,No,No,No,No,No,No,No,No,No,No,
5002,Yes,Yes,Yes,Yes,Yes,Yes,Yes,No,No,No,No,No,No,No,
5007,Yes,Yes,Yes,Yes,No,No,No,No,No,No,No,No,No,No,
5008,Yes,Yes,Yes,Yes,Yes,Yes,Yes,No,No,No,No,No,No,No,
5017,Yes,Yes,Yes,Yes,Yes,Yes,Yes,No,No,No,No,No,No,No,
5025,Yes,Yes,Yes,Yes,No,No,No,No,No,No,No,No,No,No,
5027,Yes,Yes,Yes,Yes,Yes,Yes,Yes,No,No,No,No,No,No,No,
5028,Yes,Yes,Yes,Yes,No,No,No,No,No,No,No,No,No,No,
5034,Yes,Yes,Yes,Yes,Yes,No,No,No,No,No,No,No,No,No,
5035,Yes,Yes,Yes,No,No,No,No,No,No,No,No,No,No,No,
5044,Yes,Yes,Yes,Yes,Yes,Yes,Yes,No,No,No,No,No,No,No,
5050,Yes,Yes,Yes,Yes,Yes,Yes,Yes,No,No,No,No,No,No,No,
5055,Yes,Yes,Yes,Yes,Yes,No,No,No,No,No,No,No,No,No,
5058,Yes,Yes,Yes,Yes,Yes,No,No,No,No,No,No,No,No,No,
5062,Yes,Yes,Yes,Yes,Yes,No,No,No,No,No,No,No,No,No,
5072,Yes,Yes,Yes,Yes,Yes,No,No,No,No,No,No,No,No,No,
5073,Yes,Yes,Yes,Yes,Yes,Yes,Yes,No,No,No,No,No,No,No,
5075,Yes,No,No,No,No,No,No,No,No,No,No,No,No,No,
5089,Yes,Yes,Yes,Yes,Yes,Yes,Yes,No,No,No,No,No,No,No,
5129,Yes,Yes,Yes,Yes,Yes,Yes,Yes,No,No,No,No,No,No,No,
5141,Yes,Yes,Yes,Yes,Yes,No,No,No,No,No,No,No,No,No,
5153,Yes,Yes,Yes,Yes,Yes,Yes,Yes,No,No,No,No,No,No,No,
5155,Yes,Yes,Yes,Yes,Yes,Yes,Yes,No,No,No,No,No,No,No,
5167,Yes,Yes,Yes,Yes,Yes,Yes,Yes,No,No,No,No,No,No,No,
5172,Yes,Yes,Yes,Yes,Yes,Yes,Yes,No,No,No,No,No,No,No,
5209,Yes,Yes,Yes,Yes,No,No,No,No,No,No,No,No,No,No,
5213,Yes,Yes,Yes,Yes,Yes,Yes,Yes,No,No,No,No,No,No,No,
5250,Yes,Yes,Yes,Yes,Yes,Yes,Yes,No,No,No,No,No,No,No,
5299,No,No,No,No,Yes,Yes,Yes,Yes,Yes,No,No,No,No,No,
53039,No,No,No,No,Yes,Yes,Yes,Yes,Yes,No,No,No,No,No,
53041,No,No,No,No,Yes,Yes,Yes,Yes,Yes,No,No,No,No,No,
53055,No,No,No,No,Yes,Yes,Yes,Yes,Yes,No,No,No,No,No,
53065,No,No,No,No,Yes,Yes,Yes,Yes,Yes,No,No,No,No,No,
53070,No,No,No,No,Yes,Yes,Yes,Yes,Yes,No,No,No,No,No,
53071,No,No,No,No,Yes,Yes,Yes,Yes,Yes,No,No,No,No,No,
5316,Yes,Yes,Yes,Yes,Yes,Yes,Yes,No,No,No,No,No,No,No,
5321,Yes,Yes,Yes,Yes,Yes,Yes,Yes,No,No,No,No,No,No,No,
5352,Yes,Yes,Yes,Yes,Yes,No,No,No,No,No,No,No,No,No,
5370,Yes,Yes,Yes,Yes,Yes,Yes,Yes,No,No,No,No,No,No,No,
5381,Yes,Yes,Yes,Yes,Yes,No,No,No,No,No,No,No,No,No,
5394,Yes,Yes,Yes,Yes,Yes,Yes,Yes,No,No,No,No,No,No,No,
5401,Yes,Yes,Yes,Yes,Yes,Yes,Yes,No,No,No,No,No,No,No,
5434,Yes,Yes,Yes,Yes,Yes,Yes,Yes,No,No,No,No,No,No,No,
5446,Yes,Yes,Yes,Yes,Yes,Yes,Yes,No,No,No,No,No,No,No,
5475,Yes,Yes,Yes,Yes,Yes,Yes,Yes,No,No,No,No,No,No,No,
5519,Yes,Yes,Yes,Yes,Yes,Yes,Yes,No,No,No,No,No,No,No,
5533,Yes,Yes,Yes,Yes,Yes,No,No,No,No,No,No,No,No,No,
5559,Yes,Yes,Yes,Yes,Yes,No,No,No,No,No,No,No,No,No,
5562,Yes,Yes,Yes,Yes,No,No,No,No,No,No,No,No,No,No,
5563,Yes,Yes,Yes,Yes,Yes,No,No,No,No,No,No,No,No,No,
5567,No,No,No,No,Yes,Yes,Yes,Yes,Yes,No,No,No,No,No,
5615,Yes,Yes,Yes,Yes,Yes,Yes,Yes,No,No,No,No,No,No,No,
5618,Yes,Yes,Yes,Yes,Yes,Yes,Yes,No,No,No,No,No,No,No,
5631,Yes,Yes,Yes,Yes,Yes,No,No,No,No,No,No,No,No,No,
5661,Yes,Yes,Yes,Yes,Yes,Yes,Yes,No,No,No,No,No,No,No,
5664,Yes,Yes,Yes,Yes,Yes,No,No,No,No,No,No,No,No,No,
5672,Yes,Yes,Yes,Yes,No,No,No,No,No,No,No,No,No,No,
5706,Yes,No,No,No,No,No,No,No,No,No,No,No,No,No,
5725,Yes,Yes,Yes,Yes,Yes,No,No,No,No,No,No,No,No,No,
5807,Yes,Yes,Yes,Yes,Yes,No,No,No,No,No,No,No,No,No,
5809,Yes,Yes,Yes,Yes,No,No,No,No,No,No,No,No,No,No,
5837,Yes,Yes,Yes,Yes,Yes,No,No,No,No,No,No,No,No,No,
5862,Yes,Yes,Yes,Yes,Yes,Yes,Yes,No,No,No,No,No,No,No,
5880,Yes,Yes,Yes,Yes,No,No,No,No,No,No,No,No,No,No,
5895,Yes,Yes,Yes,Yes,Yes,Yes,Yes,No,No,No,No,No,No,No,
5905,Yes,Yes,Yes,Yes,Yes,No,No,No,No,No,No,No,No,No,
6002,No,No,No,No,Yes,Yes,Yes,Yes,Yes,No,Yes,No,No,No,
6011,Yes,Yes,Yes,Yes,Yes,Yes,Yes,No,No,No,No,No,No,No,
6012,Yes,Yes,Yes,Yes,Yes,Yes,Yes,No,No,No,No,No,No,No,
6016,Yes,Yes,Yes,No,No,No,No,No,No,No,No,No,No,No,
6056,No,No,No,No,Yes,Yes,Yes,Yes,Yes,No,Yes,No,No,No,
6136,Yes,Yes,Yes,Yes,Yes,No,No,No,No,No,No,No,No,No,
6148,Yes,Yes,Yes,Yes,Yes,No,No,No,No,No,No,No,No,No,
6165,Yes,Yes,Yes,Yes,Yes,Yes,Yes,No,No,No,No,No,No,No,
6189,Yes,Yes,Yes,Yes,Yes,Yes,Yes,No,No,No,No,No,No,No,
6202,Yes,Yes,Yes,Yes,Yes,No,No,No,No,No,No,No,No,No,
6214,Yes,Yes,Yes,Yes,Yes,Yes,Yes,No,No,No,No,No,No,No,
6242,Yes,Yes,Yes,Yes,Yes,No,No,No,No,No,No,No,No,No,
6255,No,No,No,No,Yes,Yes,Yes,Yes,Yes,No,No,No,No,No,
6294,No,No,No,No,Yes,Yes,Yes,Yes,Yes,No,Yes,No,No,No,
6295,No,No,No,No,Yes,Yes,Yes,Yes,Yes,No,No,No,No,No,
6316,Yes,Yes,Yes,Yes,Yes,Yes,Yes,Yes,Yes,No,No,No,No,No,
6399,No,No,Yes,Yes,No,No,No,No,No,No,No,No,No,No,
6405,Yes,Yes,Yes,Yes,Yes,Yes,Yes,No,No,No,No,No,No,No,
6489,Yes,Yes,Yes,Yes,No,No,No,No,No,No,No,No,No,No,
6501,Yes,No,No,No,No,No,No,No,No,No,No,No,No,No,
6533,Yes,Yes,Yes,Yes,Yes,No,No,No,No,No,No,No,No,No,
6542,Yes,Yes,Yes,Yes,Yes,Yes,Yes,No,No,No,No,No,No,No,
6576,Yes,Yes,Yes,Yes,No,No,No,No,No,No,No,No,No,No,
6577,Yes,Yes,Yes,Yes,Yes,Yes,Yes,No,No,No,No,No,No,No,
6589,Yes,No,No,No,No,No,No,No,No,No,No,No,No,No,
6598,No,No,No,No,Yes,No,No,No,No,No,No,No,No,No,
6607,Yes,Yes,Yes,Yes,Yes,No,No,No,No,No,No,No,No,No,
6618,Yes,Yes,Yes,No,No,No,No,No,No,No,No,No,No,No,
6655,Yes,Yes,Yes,Yes,Yes,No,No,No,No,No,No,No,No,No,
6660,Yes,Yes,Yes,No,No,No,No,No,No,No,No,No,No,No,
6669,Yes,Yes,Yes,Yes,Yes,Yes,Yes,No,No,No,No,No,No,No,
6679,Yes,No,No,No,No,No,No,No,No,No,No,No,No,No,
6681,Yes,Yes,Yes,Yes,Yes,No,No,No,No,No,No,No,No,No,
6682,Yes,Yes,Yes,Yes,Yes,No,No,No,No,No,No,No,No,No,
6683,Yes,Yes,Yes,Yes,No,No,No,No,No,No,No,No,No,No,
6684,Yes,Yes,Yes,Yes,Yes,Yes,Yes,No,No,No,No,No,No,No,
6687,Yes,No,Yes,No,No,No,No,No,No,No,No,No,No,No,
6789,Yes,Yes,Yes,Yes,Yes,No,No,No,No,No,No,No,No,No,
6795,Yes,Yes,Yes,Yes,Yes,No,No,No,No,No,No,No,No,No,
6813,Yes,Yes,Yes,Yes,Yes,No,No,No,No,No,No,No,No,No,
6830,Yes,Yes,Yes,Yes,Yes,Yes,Yes,No,No,No,No,No,No,No,
6840,Yes,Yes,Yes,Yes,Yes,No,No,No,No,No,No,No,No,No,
6841,Yes,Yes,Yes,No,No,No,No,No,No,No,No,No,No,No,
68807,No,No,Yes,Yes,Yes,Yes,Yes,Yes,Yes,Yes,Yes,No,No,No,
7892100,No,No,No,No,No,No,No,No,Yes,No,No,No,No,No,
1929601,No,No,No,No,No,No,No,No,Yes,No,No,No,No,No,
1929604,No,No,No,No,No,No,No,No,Yes,No,No,No,No,No,
1929605,No,No,No,No,No,No,No,No,Yes,No,No,No,No,No,
1929646,No,No,No,No,No,No,No,No,Yes,No,No,No,No,No,
1932111,No,No,No,No,No,No,No,No,Yes,No,No,No,No,No,
2313,No,No,No,No,Yes,Yes,Yes,Yes,Yes,No,No,No,No,No,
3149,No,No,No,No,Yes,Yes,Yes,Yes,Yes,No,Yes,No,No,No,
4937,Yes,Yes,Yes,Yes,Yes,Yes,Yes,Yes,Yes,Yes,Yes,No,No,No,
4877,Yes,Yes,Yes,Yes,No,No,No,No,No,No,No,No,No,No,
30103,Yes,Yes,Yes,Yes,Yes,Yes,Yes,Yes,Yes,Yes,Yes,No,No,No,
51019,Yes,Yes,Yes,Yes,Yes,Yes,Yes,Yes,Yes,Yes,Yes,No,No,No,
2318,Yes,Yes,Yes,Yes,Yes,No,No,No,No,No,No,No,No,No,
2364,Yes,Yes,Yes,Yes,Yes,Yes,Yes,No,No,No,No,No,No,No,
2379,Yes,Yes,Yes,Yes,Yes,Yes,Yes,No,No,No,No,No,No,No,
2683,Yes,Yes,Yes,No,No,No,No,No,No,No,No,No,No,No,
2688,Yes,Yes,Yes,Yes,Yes,Yes,Yes,No,No,No,No,No,No,No,
2700,No,No,No,No,Yes,Yes,Yes,Yes,Yes,No,No,No,No,No,
2802,No,No,No,No,Yes,Yes,Yes,Yes,Yes,No,No,No,No,No,
2812,No,No,No,No,Yes,Yes,Yes,Yes,Yes,No,No,No,No,No,
2822,No,No,No,No,Yes,Yes,Yes,Yes,Yes,No,No,No,No,No,
2880,No,No,No,No,Yes,Yes,Yes,Yes,Yes,No,No,No,No,No,
3052,No,No,No,No,Yes,Yes,Yes,Yes,No,No,No,No,No,No,
3385,No,No,No,No,Yes,Yes,Yes,Yes,Yes,No,No,No,No,No,
3481,Yes,Yes,Yes,Yes,Yes,No,No,No,No,No,No,No,No,No,
4445,No,No,No,No,Yes,Yes,Yes,Yes,Yes,No,No,No,No,No,
4469,Yes,No,No,No,No,No,No,No,No,No,No,No,No,No,
4614,Yes,Yes,Yes,Yes,Yes,Yes,Yes,No,No,No,No,No,No,No,
5009,Yes,Yes,Yes,Yes,Yes,Yes,Yes,No,No,No,No,No,No,No,
5047,Yes,Yes,Yes,Yes,Yes,Yes,Yes,No,No,No,No,No,No,No,
5063,Yes,Yes,Yes,Yes,Yes,Yes,Yes,Yes,No,No,No,No,No,No,
5161,Yes,Yes,Yes,Yes,Yes,Yes,Yes,No,No,No,No,No,No,No,
5242,Yes,Yes,Yes,Yes,Yes,Yes,Yes,No,No,No,No,No,No,No,
5371,Yes,Yes,Yes,Yes,Yes,No,No,No,No,No,No,No,No,No,
5438,No,No,No,No,Yes,Yes,Yes,Yes,Yes,No,No,No,No,No,
5442,No,No,No,No,Yes,Yes,Yes,Yes,Yes,No,No,No,No,No,
5542,Yes,Yes,Yes,Yes,Yes,No,No,No,No,No,No,No,No,No,
6246,Yes,Yes,Yes,Yes,Yes,Yes,Yes,No,No,No,No,No,No,No,
6320,Yes,Yes,Yes,Yes,Yes,Yes,Yes,No,No,No,No,No,No,No,
6321,Yes,Yes,Yes,No,No,No,No,No,No,No,No,No,No,No,
6527,Yes,Yes,Yes,Yes,Yes,No,No,No,No,No,No,No,No,No,
6564,Yes,No,No,No,No,No,No,No,No,No,No,No,No,No,
6645,No,No,No,No,Yes,Yes,Yes,Yes,Yes,No,No,No,No,No,
6647,No,No,No,No,Yes,Yes,Yes,Yes,Yes,No,No,No,No,No,
6659,Yes,Yes,Yes,Yes,Yes,Yes,Yes,No,No,No,No,No,No,No,
6738,Yes,No,No,No,No,No,No,No,No,No,No,No,No,No,
2017,No,No,No,No,Yes,Yes,Yes,Yes,Yes,No,Yes,No,No,No,
2132,No,No,No,No,Yes,Yes,Yes,Yes,Yes,No,No,No,No,No,
2160,No,No,No,No,Yes,Yes,Yes,Yes,Yes,No,No,No,No,No,
2919,No,No,No,No,Yes,Yes,Yes,Yes,Yes,No,No,No,No,No,
3095,No,No,No,No,Yes,Yes,Yes,Yes,Yes,No,No,No,No,No,
3411,No,No,No,No,No,No,No,No,No,No,No,Yes,Yes,No,
5045,Yes,Yes,Yes,Yes,Yes,Yes,Yes,No,No,No,No,No,No,No,
5315,Yes,Yes,Yes,No,No,No,No,No,No,No,No,No,No,No,
2338,Yes,Yes,Yes,Yes,Yes,Yes,Yes,Yes,No,No,No,No,No,No,
3381,Yes,Yes,Yes,Yes,Yes,No,No,No,No,No,No,No,No,No,
5471,Yes,Yes,Yes,Yes,Yes,No,No,No,No,No,No,No,No,No,
6160,Yes,Yes,Yes,Yes,Yes,Yes,Yes,No,No,No,No,No,No,No,
6788,Yes,No,No,No,No,No,No,No,No,No,No,No,No,No,
2966,Yes,Yes,Yes,Yes,Yes,Yes,Yes,No,No,No,No,No,No,No,
2048,No,No,No,No,Yes,Yes,Yes,Yes,Yes,No,No,No,No,No,
2255,No,No,No,No,Yes,Yes,Yes,Yes,Yes,No,No,No,No,No,
2679,No,No,No,No,Yes,Yes,Yes,Yes,Yes,No,No,No,No,No,
3316,No,No,No,No,Yes,Yes,Yes,Yes,Yes,No,No,No,No,No,
6457,No,No,No,No,Yes,Yes,Yes,Yes,Yes,No,No,No,No,No,
4642,Yes,No,No,No,No,No,No,No,No,No,No,No,No,No,
2008,Yes,Yes,Yes,Yes,Yes,Yes,Yes,Yes,Yes,Yes,Yes,No,No,No,
2013,Yes,Yes,Yes,Yes,Yes,Yes,Yes,Yes,No,No,No,No,No,No,
2020,Yes,Yes,Yes,Yes,Yes,Yes,Yes,Yes,Yes,No,No,No,No,No,
2038,Yes,Yes,Yes,Yes,Yes,Yes,Yes,Yes,Yes,Yes,Yes,No,No,No,
2041,Yes,Yes,Yes,Yes,Yes,Yes,Yes,Yes,Yes,Yes,Yes,No,No,No,
2043,Yes,Yes,Yes,Yes,Yes,Yes,Yes,No,No,No,No,No,No,No,
2047,Yes,Yes,Yes,Yes,Yes,Yes,Yes,Yes,Yes,Yes,Yes,No,No,No,
2064,Yes,Yes,Yes,Yes,Yes,Yes,Yes,Yes,Yes,Yes,Yes,No,No,No,
2089,Yes,Yes,Yes,Yes,Yes,Yes,Yes,No,No,No,No,No,No,No,
2115,Yes,Yes,Yes,Yes,Yes,Yes,Yes,Yes,Yes,No,No,No,No,No,
2124,Yes,Yes,Yes,Yes,Yes,Yes,Yes,Yes,Yes,No,No,No,No,No,
2162,Yes,Yes,Yes,Yes,Yes,Yes,Yes,Yes,Yes,Yes,Yes,No,No,No,
2247,Yes,Yes,Yes,Yes,Yes,Yes,Yes,No,No,No,No,No,No,No,
2267,Yes,Yes,Yes,Yes,Yes,Yes,Yes,No,No,No,No,No,No,No,
2279,Yes,Yes,Yes,Yes,Yes,Yes,Yes,Yes,Yes,No,No,No,No,No,
2305,Yes,Yes,Yes,Yes,Yes,Yes,Yes,No,No,No,No,No,No,No,
2319,Yes,Yes,Yes,Yes,Yes,Yes,Yes,No,No,No,No,No,No,No,
2321,Yes,Yes,Yes,Yes,Yes,Yes,Yes,Yes,No,No,No,No,No,No,
2341,Yes,Yes,Yes,Yes,Yes,Yes,Yes,No,No,No,No,No,No,No,
2385,Yes,Yes,Yes,Yes,Yes,Yes,Yes,No,No,No,No,No,No,No,
2413,Yes,Yes,Yes,Yes,Yes,Yes,Yes,Yes,Yes,No,No,No,No,No,
2415,Yes,Yes,Yes,Yes,Yes,Yes,Yes,No,No,No,No,No,No,No,
2425,Yes,Yes,Yes,Yes,Yes,Yes,Yes,Yes,Yes,No,No,No,No,No,
2454,Yes,Yes,Yes,Yes,Yes,Yes,Yes,Yes,Yes,No,No,No,No,No,
2475,Yes,Yes,Yes,Yes,Yes,Yes,Yes,No,No,No,No,No,No,No,
2488,Yes,Yes,Yes,Yes,Yes,Yes,Yes,No,No,No,No,No,No,No,
2499,Yes,Yes,Yes,Yes,Yes,Yes,Yes,No,No,No,No,No,No,No,
2518,Yes,Yes,Yes,Yes,Yes,Yes,Yes,No,No,No,No,No,No,No,
2532,Yes,Yes,Yes,Yes,Yes,Yes,Yes,Yes,Yes,No,No,No,No,No,
2538,Yes,Yes,Yes,Yes,Yes,Yes,Yes,Yes,Yes,No,No,No,No,No,
2563,Yes,Yes,Yes,Yes,Yes,Yes,Yes,Yes,Yes,No,No,No,No,No,
2564,Yes,Yes,Yes,Yes,Yes,Yes,Yes,Yes,Yes,No,No,No,No,No,
2586,Yes,Yes,Yes,Yes,Yes,Yes,Yes,Yes,Yes,No,No,No,No,No,
2628,Yes,Yes,Yes,Yes,Yes,Yes,Yes,Yes,Yes,No,No,No,No,No,
2637,Yes,Yes,Yes,Yes,Yes,No,No,No,No,No,No,No,No,No,
2640,Yes,Yes,Yes,Yes,Yes,Yes,Yes,Yes,Yes,No,No,No,No,No,
2641,Yes,Yes,Yes,Yes,Yes,Yes,Yes,No,No,No,No,No,No,No,
2642,Yes,Yes,Yes,Yes,Yes,Yes,Yes,Yes,Yes,No,No,No,No,No,
2653,Yes,Yes,Yes,Yes,Yes,Yes,Yes,Yes,Yes,No,No,No,No,No,
2657,Yes,Yes,Yes,Yes,Yes,Yes,Yes,No,No,No,No,No,No,No,
2663,Yes,Yes,Yes,Yes,Yes,Yes,Yes,Yes,Yes,No,No,No,No,No,
2668,Yes,Yes,Yes,Yes,Yes,Yes,Yes,Yes,Yes,No,No,No,No,No,
2708,Yes,No,No,No,No,No,No,No,No,No,No,No,No,No,
2713,Yes,Yes,Yes,Yes,Yes,Yes,Yes,No,No,No,No,No,No,No,
2768,Yes,Yes,Yes,Yes,Yes,Yes,Yes,No,No,No,No,No,No,No,
2788,Yes,Yes,Yes,Yes,Yes,Yes,Yes,Yes,Yes,No,No,No,No,No,
2817,Yes,Yes,Yes,Yes,Yes,Yes,Yes,No,No,No,No,No,No,No,
2825,Yes,Yes,Yes,Yes,Yes,Yes,Yes,Yes,Yes,No,No,No,No,No,
2843,No,No,No,No,No,No,No,No,No,No,No,Yes,No,No,
2847,Yes,Yes,Yes,Yes,Yes,Yes,Yes,No,No,No,No,No,No,No,
2853,Yes,Yes,Yes,No,No,No,No,No,No,No,No,No,No,No,
2869,Yes,Yes,Yes,Yes,Yes,Yes,Yes,No,No,No,No,No,No,No,
2927,Yes,Yes,Yes,Yes,Yes,Yes,Yes,No,No,No,No,No,No,No,
2972,Yes,Yes,Yes,Yes,Yes,Yes,Yes,No,No,No,No,No,No,No,
2990,Yes,Yes,Yes,Yes,Yes,Yes,Yes,No,No,No,No,No,No,No,
2994,Yes,Yes,Yes,Yes,Yes,Yes,Yes,Yes,Yes,No,No,No,No,No,
3020,Yes,No,No,No,No,No,No,No,No,No,No,No,No,No,
3030,Yes,Yes,Yes,Yes,Yes,Yes,Yes,Yes,Yes,No,No,No,No,No,
3045,Yes,Yes,Yes,Yes,Yes,Yes,Yes,Yes,Yes,No,No,No,No,No,
3062,Yes,Yes,Yes,Yes,Yes,Yes,Yes,No,No,No,No,No,No,No,
3080,Yes,Yes,Yes,Yes,Yes,Yes,Yes,No,No,No,No,No,No,No,
3083,Yes,Yes,Yes,Yes,Yes,No,No,No,No,No,No,No,No,No,
3097,Yes,Yes,Yes,Yes,Yes,Yes,Yes,No,No,No,No,No,No,No,
3099,Yes,Yes,Yes,Yes,Yes,Yes,Yes,Yes,Yes,No,No,No,No,No,
3102,Yes,Yes,Yes,No,No,No,No,No,No,No,No,No,No,No,
3134,Yes,Yes,Yes,Yes,Yes,No,No,No,No,No,No,No,No,No,
3143,Yes,Yes,Yes,Yes,Yes,Yes,Yes,No,No,No,No,No,No,No,
3153,Yes,Yes,Yes,Yes,Yes,Yes,Yes,No,No,No,No,No,No,No,
3195,Yes,Yes,Yes,Yes,Yes,Yes,Yes,Yes,Yes,No,No,No,No,No,
3211,Yes,Yes,Yes,Yes,Yes,Yes,Yes,No,No,No,No,No,No,No,
3217,Yes,Yes,Yes,Yes,Yes,Yes,Yes,No,No,No,No,No,No,No,
3220,Yes,Yes,Yes,Yes,Yes,Yes,Yes,Yes,Yes,Yes,Yes,No,No,No,
3230,Yes,Yes,Yes,Yes,Yes,Yes,Yes,Yes,Yes,Yes,Yes,No,No,No,
3242,Yes,Yes,Yes,Yes,Yes,Yes,Yes,No,No,No,No,No,No,No,
3284,Yes,Yes,Yes,Yes,Yes,Yes,Yes,No,No,No,No,No,No,No,
3309,Yes,Yes,Yes,Yes,Yes,Yes,Yes,Yes,Yes,No,No,No,No,No,
3312,Yes,Yes,Yes,Yes,Yes,Yes,Yes,No,No,No,No,No,No,No,
3324,Yes,Yes,Yes,Yes,Yes,Yes,Yes,Yes,Yes,Yes,Yes,No,No,No,
3335,No,No,No,No,No,No,No,No,No,No,No,Yes,No,No,
3339,Yes,Yes,Yes,Yes,Yes,Yes,Yes,No,No,No,No,No,No,No,
3343,Yes,Yes,Yes,Yes,Yes,No,No,No,No,No,No,No,No,No,
3367,Yes,No,No,No,No,No,No,No,No,No,No,No,No,No,
3395,Yes,Yes,Yes,Yes,Yes,Yes,Yes,No,No,No,No,No,No,No,
3404,Yes,Yes,Yes,Yes,Yes,Yes,Yes,Yes,Yes,No,No,No,No,No,
3418,Yes,Yes,Yes,Yes,Yes,Yes,Yes,Yes,Yes,No,No,No,No,No,
3442,Yes,Yes,Yes,Yes,Yes,Yes,Yes,No,No,No,No,No,No,No,
3443,Yes,Yes,Yes,Yes,Yes,Yes,Yes,No,No,No,No,No,No,No,
3450,Yes,Yes,Yes,Yes,Yes,No,No,No,No,No,No,No,No,No,
3456,Yes,Yes,Yes,Yes,Yes,No,No,No,No,No,No,No,No,No,
3462,Yes,Yes,Yes,Yes,Yes,Yes,Yes,No,No,No,No,No,No,No,
3470,Yes,Yes,Yes,Yes,Yes,Yes,Yes,Yes,Yes,No,No,No,No,No,
3485,Yes,Yes,Yes,Yes,Yes,Yes,Yes,Yes,No,No,No,No,No,No,
4335,Yes,No,No,No,No,No,No,No,No,No,No,No,No,No,
4338,Yes,Yes,Yes,Yes,Yes,Yes,Yes,Yes,Yes,No,No,No,No,No,
4377,Yes,Yes,Yes,No,No,No,No,No,No,No,No,No,No,No,
4395,Yes,Yes,Yes,Yes,Yes,Yes,Yes,Yes,Yes,No,No,No,No,No,
4409,Yes,No,No,No,No,No,No,No,No,No,No,No,No,No,
4431,Yes,Yes,Yes,Yes,No,No,No,No,No,No,No,No,No,No,
4480,Yes,Yes,Yes,Yes,Yes,Yes,Yes,Yes,Yes,No,No,No,No,No,
4503,Yes,Yes,Yes,No,No,No,No,No,No,No,No,No,No,No,
4540,Yes,No,No,No,No,No,No,No,No,No,No,No,No,No,
4541,Yes,Yes,Yes,No,No,No,No,No,No,No,No,No,No,No,
4558,Yes,No,No,No,No,No,No,No,No,No,No,No,No,No,
4573,Yes,Yes,Yes,No,No,No,No,No,No,No,No,No,No,No,
4622,Yes,No,No,No,No,No,No,No,No,No,No,No,No,No,
4626,Yes,No,No,No,No,No,No,No,No,No,No,No,No,No,
4891,Yes,Yes,Yes,Yes,Yes,No,No,No,No,No,No,No,No,No,
4933,Yes,Yes,Yes,Yes,Yes,Yes,Yes,Yes,Yes,No,No,No,No,No,
4943,Yes,Yes,Yes,Yes,Yes,Yes,Yes,Yes,Yes,No,No,No,No,No,
5012,Yes,Yes,Yes,Yes,Yes,Yes,Yes,No,No,No,No,No,No,No,
5020,Yes,Yes,Yes,Yes,Yes,No,No,No,No,No,No,No,No,No,
5026,Yes,Yes,Yes,Yes,Yes,No,No,No,No,No,No,No,No,No,
5051,Yes,Yes,Yes,Yes,Yes,No,No,No,No,No,No,No,No,No,
5054,Yes,Yes,Yes,No,No,No,No,No,No,No,No,No,No,No,
5076,Yes,Yes,Yes,Yes,Yes,Yes,Yes,No,No,No,No,No,No,No,
5088,Yes,Yes,Yes,Yes,Yes,No,No,No,No,No,No,No,No,No,
5090,Yes,Yes,Yes,Yes,Yes,Yes,Yes,No,No,No,No,No,No,No,
5135,Yes,Yes,Yes,Yes,Yes,Yes,Yes,Yes,Yes,Yes,Yes,No,No,No,
5143,Yes,Yes,Yes,Yes,Yes,Yes,Yes,No,No,No,No,No,No,No,
5224,Yes,Yes,Yes,Yes,Yes,No,No,No,No,No,No,No,No,No,
5286,Yes,Yes,Yes,Yes,Yes,Yes,Yes,No,No,No,No,No,No,No,
5365,Yes,Yes,Yes,No,No,No,No,No,No,No,No,No,No,No,
5384,Yes,Yes,Yes,Yes,Yes,Yes,Yes,No,No,No,No,No,No,No,
5391,Yes,Yes,Yes,Yes,Yes,No,No,No,No,No,No,No,No,No,
5415,Yes,No,No,No,No,No,No,No,No,No,No,No,No,No,
5429,Yes,Yes,Yes,Yes,Yes,No,No,No,No,No,No,No,No,No,
5461,Yes,Yes,Yes,Yes,Yes,No,No,No,No,No,No,No,No,No,
5472,Yes,Yes,Yes,Yes,Yes,Yes,Yes,No,No,No,No,No,No,No,
5478,Yes,Yes,Yes,Yes,Yes,Yes,Yes,No,No,No,No,No,No,No,
5525,Yes,Yes,Yes,Yes,Yes,Yes,Yes,No,No,No,No,No,No,No,
5527,Yes,No,No,No,No,No,No,No,No,No,No,No,No,No,
5528,Yes,Yes,Yes,Yes,Yes,Yes,Yes,Yes,Yes,No,No,No,No,No,
5583,Yes,Yes,Yes,Yes,Yes,Yes,Yes,No,No,No,No,No,No,No,
5716,Yes,No,No,No,No,No,No,No,No,No,No,No,No,No,
5746,Yes,Yes,Yes,Yes,Yes,No,No,No,No,No,No,No,No,No,
5787,Yes,Yes,Yes,Yes,Yes,Yes,Yes,No,No,No,No,No,No,No,
5789,Yes,Yes,Yes,Yes,Yes,Yes,Yes,No,No,No,No,No,No,No,
5810,Yes,Yes,Yes,Yes,Yes,No,No,No,No,No,No,No,No,No,
5812,Yes,Yes,Yes,Yes,Yes,Yes,Yes,No,No,No,No,No,No,No,
5867,Yes,Yes,Yes,Yes,Yes,No,No,No,No,No,No,No,No,No,
5927,Yes,Yes,Yes,Yes,Yes,No,No,No,No,No,No,No,No,No,
5966,Yes,Yes,Yes,Yes,Yes,No,No,No,No,No,No,No,No,No,
5971,Yes,Yes,Yes,Yes,Yes,Yes,Yes,Yes,Yes,No,No,No,No,No,
6014,Yes,Yes,Yes,No,No,No,No,No,No,No,No,No,No,No,
6030,Yes,Yes,Yes,Yes,Yes,No,No,No,No,No,No,No,No,No,
6091,Yes,Yes,Yes,Yes,Yes,No,No,No,No,No,No,No,No,No,
6092,Yes,Yes,Yes,Yes,Yes,Yes,Yes,No,No,No,No,No,No,No,
6114,Yes,Yes,Yes,Yes,Yes,Yes,Yes,No,No,No,No,No,No,No,
6124,Yes,Yes,Yes,No,No,No,No,No,No,No,No,No,No,No,
6137,Yes,Yes,Yes,No,No,No,No,No,No,No,No,No,No,No,
6139,Yes,Yes,Yes,Yes,No,No,No,No,No,No,No,No,No,No,
6142,Yes,Yes,Yes,Yes,Yes,Yes,Yes,No,No,No,No,No,No,No,
6163,Yes,Yes,Yes,Yes,Yes,Yes,Yes,Yes,Yes,No,No,No,No,No,
6167,Yes,Yes,Yes,Yes,Yes,Yes,Yes,No,No,No,No,No,No,No,
6170,Yes,Yes,Yes,No,No,No,No,No,No,No,No,No,No,No,
6174,Yes,Yes,Yes,Yes,Yes,No,No,No,No,No,No,No,No,No,
6192,Yes,Yes,Yes,Yes,Yes,Yes,Yes,Yes,Yes,No,No,No,No,No,
6207,Yes,Yes,Yes,Yes,Yes,Yes,Yes,No,No,No,No,No,No,No,
6219,Yes,Yes,Yes,No,No,No,No,No,No,No,No,No,No,No,
6262,Yes,Yes,Yes,Yes,Yes,No,No,No,No,No,No,No,No,No,
6292,Yes,Yes,Yes,Yes,Yes,Yes,Yes,No,No,No,No,No,No,No,
6323,Yes,Yes,Yes,No,No,No,No,No,No,No,No,No,No,No,
6331,Yes,Yes,Yes,Yes,Yes,Yes,Yes,Yes,Yes,No,No,No,No,No,
6338,Yes,Yes,Yes,No,No,No,No,No,No,No,No,No,No,No,
6403,Yes,Yes,Yes,No,No,No,No,No,No,No,No,No,No,No,
6426,Yes,Yes,Yes,Yes,Yes,No,No,No,No,No,No,No,No,No,
6446,Yes,Yes,Yes,No,No,No,No,No,No,No,No,No,No,No,
6461,Yes,No,No,No,No,No,No,No,No,No,No,No,No,No,
6503,Yes,No,No,No,No,No,No,No,No,No,No,No,No,No,
6519,Yes,Yes,Yes,No,No,No,No,No,No,No,No,No,No,No,
6532,Yes,Yes,Yes,No,No,No,No,No,No,No,No,No,No,No,
6582,Yes,Yes,Yes,Yes,Yes,No,No,No,No,No,No,No,No,No,
6599,Yes,Yes,Yes,Yes,Yes,No,No,No,No,No,No,No,No,No,
6614,Yes,No,No,No,No,No,No,No,No,No,No,No,No,No,
6616,Yes,Yes,Yes,No,No,No,No,No,No,No,No,No,No,No,
6697,Yes,Yes,Yes,No,No,No,No,No,No,No,No,No,No,No,
6742,Yes,Yes,Yes,No,No,No,No,No,No,No,No,No,No,No,
6747,Yes,Yes,Yes,No,No,No,No,No,No,No,No,No,No,No,
6748,Yes,No,No,No,No,No,No,No,No,No,No,No,No,No,
6817,Yes,Yes,Yes,No,No,No,No,No,No,No,No,No,No,No,
6818,Yes,Yes,Yes,Yes,Yes,No,No,No,No,No,No,No,No,No,
6820,Yes,Yes,Yes,Yes,No,No,No,No,No,No,No,No,No,No,
6832,Yes,Yes,Yes,No,No,No,No,No,No,No,No,No,No,No,
6834,Yes,No,No,No,No,No,No,No,No,No,No,No,No,No,
6836,Yes,Yes,Yes,Yes,Yes,No,No,No,No,No,No,No,No,No,
6880,Yes,Yes,Yes,Yes,No,No,No,No,No,No,No,No,No,No,
6897,Yes,Yes,Yes,Yes,Yes,Yes,Yes,No,No,No,No,No,No,No,
6998,Yes,Yes,Yes,Yes,Yes,Yes,Yes,No,No,No,No,No,No,No,
57815,Yes,Yes,Yes,Yes,Yes,Yes,Yes,Yes,Yes,No,No,No,No,No,
57872,Yes,Yes,Yes,Yes,Yes,Yes,Yes,Yes,Yes,No,No,No,No,No,
57898,Yes,Yes,Yes,Yes,Yes,Yes,Yes,Yes,Yes,No,No,No,No,No,
57905,Yes,Yes,Yes,Yes,Yes,Yes,Yes,Yes,Yes,No,No,No,No,No,
57929,Yes,Yes,Yes,Yes,Yes,Yes,Yes,Yes,Yes,No,No,No,No,No,
57940,Yes,Yes,Yes,Yes,Yes,Yes,Yes,Yes,Yes,No,No,No,No,No,
57944,Yes,Yes,Yes,Yes,Yes,Yes,Yes,Yes,Yes,No,No,No,No,No,
57988,Yes,Yes,Yes,Yes,Yes,Yes,Yes,Yes,Yes,No,No,No,No,No,
58006,Yes,Yes,Yes,Yes,Yes,Yes,Yes,Yes,Yes,No,No,No,No,No,
58009,Yes,Yes,Yes,Yes,Yes,Yes,Yes,Yes,Yes,No,No,No,No,No,
1930302,Yes,Yes,Yes,Yes,Yes,Yes,Yes,Yes,Yes,No,No,No,No,No,
1930310,Yes,Yes,Yes,Yes,Yes,Yes,Yes,Yes,Yes,No,No,No,No,No,
2103202,Yes,Yes,Yes,Yes,Yes,Yes,Yes,Yes,Yes,No,No,No,No,No,
3225800,Yes,Yes,Yes,Yes,Yes,Yes,Yes,Yes,Yes,No,No,No,No,No,
4826980,Yes,Yes,Yes,Yes,Yes,Yes,Yes,Yes,Yes,No,No,No,No,No,
6126812,Yes,Yes,Yes,Yes,Yes,Yes,Yes,Yes,Yes,No,No,No,No,No,
8880030,Yes,Yes,Yes,Yes,Yes,Yes,Yes,Yes,Yes,No,No,No,No,No,
2005,Yes,Yes,Yes,Yes,Yes,Yes,Yes,No,No,No,No,No,No,No,
2044,Yes,Yes,Yes,Yes,Yes,Yes,Yes,Yes,Yes,No,No,No,No,No,
2170,Yes,Yes,Yes,Yes,Yes,Yes,Yes,Yes,No,No,No,No,No,No,
2185,Yes,Yes,Yes,Yes,Yes,Yes,Yes,Yes,Yes,No,No,No,No,No,
2214,Yes,Yes,Yes,Yes,Yes,Yes,Yes,Yes,Yes,No,No,No,No,No,
2219,Yes,Yes,Yes,Yes,Yes,Yes,Yes,No,No,No,No,No,No,No,
2257,Yes,Yes,Yes,Yes,Yes,Yes,Yes,Yes,No,No,No,No,No,No,
2302,Yes,Yes,Yes,Yes,Yes,Yes,Yes,Yes,No,No,No,No,No,No,
2323,Yes,Yes,Yes,Yes,Yes,Yes,Yes,Yes,Yes,No,No,No,No,No,
2325,Yes,Yes,Yes,Yes,Yes,Yes,Yes,Yes,Yes,No,No,No,No,No,
2328,Yes,Yes,Yes,Yes,Yes,Yes,Yes,Yes,Yes,No,No,No,No,No,
2335,Yes,Yes,Yes,Yes,Yes,Yes,Yes,Yes,Yes,No,No,No,No,No,
2344,Yes,Yes,Yes,No,No,No,No,No,No,No,No,No,No,No,
2355,Yes,Yes,Yes,Yes,Yes,Yes,Yes,No,No,No,No,No,No,No,
2366,Yes,Yes,Yes,Yes,Yes,Yes,Yes,Yes,Yes,No,No,No,No,No,
2367,No,No,No,No,Yes,Yes,Yes,No,No,No,No,No,No,No,
2368,Yes,Yes,Yes,Yes,Yes,Yes,Yes,No,No,No,No,No,No,No,
2369,Yes,Yes,Yes,Yes,Yes,No,No,No,No,No,No,No,No,No,
2372,Yes,Yes,Yes,Yes,Yes,Yes,Yes,Yes,Yes,No,No,No,No,No,
2380,Yes,Yes,Yes,Yes,Yes,Yes,Yes,No,No,No,No,No,No,No,
2381,Yes,Yes,Yes,Yes,Yes,Yes,Yes,No,No,No,No,No,No,No,
2384,Yes,Yes,Yes,Yes,Yes,Yes,Yes,No,No,No,No,No,No,No,
2386,Yes,Yes,Yes,Yes,Yes,Yes,Yes,No,No,No,No,No,No,No,
2404,Yes,Yes,Yes,Yes,Yes,Yes,Yes,Yes,Yes,No,No,No,No,No,
2446,Yes,Yes,Yes,Yes,Yes,Yes,Yes,No,No,No,No,No,No,No,
2484,Yes,Yes,Yes,Yes,Yes,Yes,Yes,No,No,No,No,No,No,No,
2501,Yes,Yes,Yes,No,No,No,No,No,No,No,No,No,No,No,
2503,Yes,Yes,Yes,Yes,Yes,Yes,Yes,No,No,No,No,No,No,No,
2504,Yes,Yes,Yes,Yes,Yes,Yes,Yes,No,No,No,No,No,No,No,
2505,Yes,Yes,Yes,Yes,Yes,Yes,Yes,No,No,No,No,No,No,No,
2515,Yes,Yes,Yes,No,No,No,No,No,No,No,No,No,No,No,
2594,Yes,Yes,Yes,Yes,Yes,Yes,Yes,No,No,No,No,No,No,No,
2606,Yes,Yes,Yes,Yes,Yes,Yes,Yes,No,No,No,No,No,No,No,
2608,Yes,Yes,Yes,Yes,Yes,Yes,Yes,No,No,No,No,No,No,No,
2611,Yes,Yes,Yes,Yes,Yes,Yes,Yes,No,No,No,No,No,No,No,
2624,Yes,Yes,Yes,Yes,Yes,Yes,Yes,Yes,Yes,No,No,No,No,No,
2650,Yes,Yes,Yes,Yes,Yes,Yes,Yes,No,No,No,No,No,No,No,
2733,Yes,Yes,Yes,Yes,Yes,Yes,Yes,Yes,Yes,No,Yes,No,No,No,
2770,Yes,Yes,Yes,Yes,Yes,Yes,Yes,Yes,Yes,No,Yes,No,No,No,
2772,Yes,Yes,Yes,Yes,Yes,Yes,Yes,Yes,Yes,No,Yes,No,No,No,
2773,Yes,Yes,Yes,Yes,Yes,Yes,Yes,No,No,No,No,No,No,No,
2780,Yes,Yes,Yes,Yes,Yes,Yes,Yes,No,No,No,No,No,No,No,
2785,Yes,Yes,Yes,Yes,Yes,Yes,Yes,No,No,No,No,No,No,No,
2793,Yes,Yes,Yes,Yes,Yes,Yes,Yes,No,No,No,No,No,No,No,
2813,Yes,Yes,Yes,Yes,Yes,Yes,Yes,Yes,Yes,No,No,No,No,No,
2819,Yes,Yes,Yes,Yes,Yes,Yes,Yes,Yes,Yes,No,Yes,No,No,No,
2820,Yes,Yes,Yes,Yes,Yes,Yes,Yes,Yes,Yes,No,No,No,No,No,
2844,Yes,Yes,Yes,Yes,Yes,Yes,Yes,No,No,No,No,No,No,No,
2846,Yes,Yes,Yes,Yes,Yes,Yes,Yes,Yes,Yes,No,Yes,No,No,No,
2849,Yes,Yes,Yes,Yes,Yes,Yes,Yes,Yes,Yes,No,No,No,No,No,
2850,Yes,Yes,Yes,Yes,Yes,Yes,Yes,Yes,Yes,No,Yes,No,No,No,
2878,Yes,Yes,Yes,Yes,Yes,Yes,Yes,Yes,Yes,No,No,No,No,No,
2900,Yes,Yes,Yes,Yes,Yes,Yes,Yes,Yes,Yes,No,Yes,No,No,No,
2933,Yes,Yes,Yes,Yes,Yes,Yes,Yes,Yes,No,No,No,No,No,No,
2949,Yes,Yes,Yes,Yes,Yes,Yes,Yes,Yes,Yes,No,No,No,No,No,
2950,Yes,Yes,Yes,Yes,Yes,Yes,Yes,No,No,No,No,No,No,No,
2959,Yes,Yes,Yes,No,No,No,No,No,No,No,No,No,No,No,
2960,Yes,Yes,Yes,Yes,Yes,Yes,Yes,No,No,No,No,No,No,No,
2964,Yes,Yes,Yes,Yes,Yes,Yes,Yes,Yes,Yes,No,No,No,No,No,
2974,Yes,Yes,Yes,Yes,Yes,Yes,Yes,No,No,No,No,No,No,No,
2996,Yes,Yes,Yes,Yes,Yes,Yes,Yes,No,No,No,No,No,No,No,
2997,Yes,Yes,Yes,Yes,Yes,Yes,Yes,Yes,No,No,No,No,No,No,
3073,Yes,Yes,Yes,Yes,Yes,Yes,Yes,Yes,No,No,No,No,No,No,
3076,Yes,Yes,Yes,Yes,Yes,Yes,Yes,No,No,No,No,No,No,No,
3084,Yes,Yes,Yes,Yes,Yes,Yes,Yes,Yes,Yes,No,Yes,No,No,No,
3115,Yes,Yes,Yes,Yes,Yes,Yes,Yes,Yes,Yes,No,No,No,No,No,
3125,Yes,Yes,Yes,No,No,No,No,No,No,No,No,No,No,No,
3126,Yes,Yes,Yes,Yes,Yes,Yes,Yes,No,No,No,No,No,No,No,
3132,Yes,Yes,Yes,Yes,Yes,Yes,Yes,No,No,No,No,No,No,No,
3165,Yes,Yes,Yes,Yes,Yes,Yes,Yes,Yes,Yes,No,No,No,No,No,
3188,Yes,Yes,Yes,Yes,Yes,Yes,Yes,Yes,Yes,No,Yes,No,No,No,
3212,Yes,Yes,Yes,Yes,Yes,Yes,Yes,Yes,Yes,No,No,No,No,No,
3239,Yes,Yes,Yes,Yes,Yes,Yes,Yes,Yes,Yes,No,Yes,No,No,No,
3244,Yes,Yes,Yes,Yes,Yes,Yes,Yes,Yes,Yes,No,No,No,No,No,
3247,Yes,Yes,Yes,No,No,No,No,No,No,No,No,No,No,No,
3258,Yes,Yes,Yes,Yes,Yes,Yes,Yes,No,No,No,No,No,No,No,
3262,Yes,Yes,Yes,Yes,Yes,No,No,No,No,No,No,No,No,No,
3263,Yes,Yes,Yes,Yes,Yes,Yes,Yes,No,No,No,No,No,No,No,
3265,Yes,Yes,Yes,Yes,Yes,Yes,Yes,No,No,No,No,No,No,No,
3269,Yes,Yes,Yes,Yes,Yes,Yes,Yes,No,No,No,No,No,No,No,
3290,Yes,Yes,Yes,Yes,Yes,Yes,Yes,Yes,Yes,No,Yes,No,No,No,
3293,Yes,Yes,Yes,Yes,Yes,Yes,Yes,Yes,Yes,No,No,No,No,No,
3297,Yes,Yes,Yes,Yes,Yes,Yes,Yes,Yes,Yes,No,No,No,No,No,
3327,Yes,Yes,Yes,Yes,Yes,Yes,Yes,Yes,Yes,No,No,No,No,No,
3328,Yes,Yes,Yes,Yes,Yes,No,No,No,No,No,No,No,No,No,
3351,Yes,Yes,Yes,Yes,Yes,Yes,Yes,Yes,Yes,No,No,No,No,No,
3370,Yes,Yes,Yes,Yes,Yes,Yes,Yes,Yes,Yes,No,No,No,No,No,
3374,Yes,Yes,Yes,Yes,Yes,Yes,Yes,Yes,Yes,No,No,No,No,No,
3398,Yes,Yes,Yes,Yes,Yes,Yes,Yes,Yes,Yes,No,Yes,No,No,No,
3405,Yes,No,No,No,No,No,No,No,No,No,No,No,No,No,
3430,Yes,Yes,Yes,Yes,Yes,Yes,Yes,Yes,Yes,No,No,No,No,No,
3431,Yes,Yes,Yes,Yes,Yes,Yes,Yes,No,No,No,No,No,No,No,
3440,Yes,Yes,Yes,Yes,Yes,Yes,Yes,Yes,Yes,No,Yes,No,No,No,
3463,Yes,Yes,Yes,Yes,No,No,No,No,No,No,No,No,No,No,
4357,Yes,Yes,Yes,Yes,Yes,Yes,Yes,Yes,Yes,No,No,No,No,No,
4512,Yes,No,No,No,No,No,No,No,No,No,No,No,No,No,
4555,Yes,Yes,Yes,Yes,Yes,No,No,No,No,No,No,No,No,No,
4890,Yes,Yes,Yes,Yes,Yes,Yes,Yes,No,No,No,No,No,No,No,
4936,Yes,Yes,Yes,Yes,Yes,Yes,Yes,Yes,Yes,No,No,No,No,No,
4940,Yes,Yes,Yes,Yes,Yes,Yes,Yes,Yes,Yes,No,No,No,No,No,
4949,Yes,Yes,Yes,Yes,Yes,Yes,Yes,Yes,Yes,No,No,No,No,No,
4950,Yes,Yes,Yes,Yes,Yes,Yes,Yes,Yes,Yes,No,No,No,No,No,
4954,Yes,Yes,Yes,Yes,Yes,Yes,Yes,Yes,Yes,No,No,No,No,No,
5000,Yes,Yes,Yes,Yes,Yes,Yes,Yes,No,No,No,No,No,No,No,
5014,Yes,Yes,Yes,Yes,Yes,Yes,Yes,Yes,Yes,No,Yes,No,No,No,
5015,Yes,Yes,Yes,Yes,Yes,Yes,Yes,No,No,No,No,No,No,No,
5033,Yes,Yes,Yes,No,No,No,No,No,No,No,No,No,No,No,
5036,Yes,Yes,Yes,Yes,Yes,Yes,Yes,No,No,No,No,No,No,No,
5049,Yes,Yes,Yes,Yes,Yes,No,No,No,No,No,No,No,No,No,
5056,Yes,Yes,Yes,Yes,Yes,Yes,Yes,No,No,No,No,No,No,No,
5064,Yes,Yes,Yes,No,No,No,No,No,No,No,No,No,No,No,
5067,Yes,Yes,Yes,No,No,No,No,No,No,No,No,No,No,No,
5074,Yes,Yes,Yes,Yes,Yes,Yes,Yes,No,No,No,No,No,No,No,
5092,Yes,Yes,Yes,Yes,Yes,Yes,Yes,No,No,No,No,No,No,No,
5098,Yes,Yes,Yes,Yes,Yes,Yes,Yes,No,No,No,No,No,No,No,
5099,Yes,Yes,Yes,Yes,Yes,Yes,Yes,No,No,No,No,No,No,No,
5114,Yes,Yes,Yes,Yes,Yes,Yes,Yes,No,No,No,No,No,No,No,
5142,Yes,Yes,Yes,No,No,No,No,No,No,No,No,No,No,No,
5149,Yes,Yes,Yes,No,No,No,No,No,No,No,No,No,No,No,
5165,Yes,Yes,Yes,Yes,Yes,Yes,Yes,No,No,No,No,No,No,No,
5168,Yes,Yes,Yes,Yes,Yes,Yes,Yes,Yes,Yes,No,No,No,No,No,
5182,Yes,Yes,Yes,Yes,Yes,Yes,Yes,Yes,Yes,No,No,No,No,No,
5197,Yes,Yes,Yes,Yes,Yes,No,No,No,No,No,No,No,No,No,
5203,Yes,Yes,Yes,No,No,No,No,No,No,No,No,No,No,No,
5207,Yes,Yes,Yes,Yes,Yes,Yes,Yes,No,No,No,No,No,No,No,
5223,Yes,Yes,Yes,Yes,Yes,Yes,Yes,No,No,No,No,No,No,No,
5225,Yes,Yes,Yes,Yes,Yes,Yes,Yes,No,No,No,No,No,No,No,
5227,Yes,Yes,Yes,Yes,Yes,No,No,No,No,No,No,No,No,No,
5228,Yes,Yes,Yes,Yes,Yes,Yes,Yes,No,No,No,No,No,No,No,
5246,Yes,Yes,Yes,Yes,Yes,Yes,Yes,No,No,No,No,No,No,No,
5270,Yes,Yes,Yes,Yes,Yes,Yes,Yes,No,No,No,No,No,No,No,
5278,Yes,Yes,Yes,Yes,Yes,Yes,Yes,Yes,Yes,No,No,No,No,No,
5318,Yes,Yes,Yes,No,No,No,No,No,No,No,No,No,No,No,
5325,Yes,Yes,Yes,Yes,Yes,Yes,Yes,Yes,Yes,No,No,No,No,No,
5329,Yes,Yes,Yes,Yes,Yes,Yes,Yes,Yes,Yes,No,No,No,No,No,
5332,Yes,Yes,Yes,Yes,Yes,Yes,Yes,Yes,Yes,No,Yes,No,No,No,
5338,Yes,Yes,Yes,Yes,Yes,Yes,Yes,No,No,No,No,No,No,No,
5362,Yes,Yes,Yes,Yes,Yes,Yes,Yes,Yes,Yes,No,No,No,No,No,
5378,Yes,Yes,Yes,Yes,Yes,Yes,Yes,Yes,Yes,No,No,No,No,No,
5386,Yes,Yes,Yes,Yes,Yes,Yes,Yes,No,No,No,No,No,No,No,
5392,Yes,Yes,Yes,Yes,Yes,No,No,No,No,No,No,No,No,No,
5397,Yes,Yes,Yes,Yes,Yes,Yes,Yes,No,No,No,No,No,No,No,
5403,Yes,Yes,Yes,Yes,Yes,Yes,Yes,No,No,No,No,No,No,No,
5495,Yes,Yes,Yes,Yes,Yes,Yes,Yes,No,No,No,No,No,No,No,
5498,Yes,Yes,Yes,Yes,Yes,Yes,Yes,No,No,No,No,No,No,No,
5503,Yes,Yes,Yes,Yes,Yes,Yes,Yes,Yes,Yes,No,No,No,No,No,
5504,Yes,Yes,Yes,Yes,Yes,Yes,Yes,Yes,Yes,No,No,No,No,No,
5506,Yes,Yes,Yes,Yes,Yes,Yes,Yes,No,No,No,No,No,No,No,
5549,Yes,Yes,Yes,Yes,Yes,No,No,No,No,No,No,No,No,No,
5553,Yes,Yes,Yes,Yes,Yes,Yes,Yes,No,No,No,No,No,No,No,
5570,Yes,Yes,Yes,Yes,Yes,Yes,Yes,No,No,No,No,No,No,No,
5593,Yes,Yes,Yes,Yes,Yes,Yes,Yes,No,No,No,No,No,No,No,
5607,Yes,Yes,Yes,Yes,Yes,Yes,Yes,No,No,No,No,No,No,No,
5634,Yes,Yes,Yes,Yes,Yes,Yes,Yes,No,No,No,No,No,No,No,
5656,Yes,Yes,Yes,No,No,No,No,No,No,No,No,No,No,No,
5662,Yes,Yes,Yes,Yes,Yes,No,No,No,No,No,No,No,No,No,
5667,Yes,Yes,Yes,Yes,Yes,Yes,Yes,No,No,No,No,No,No,No,
5712,Yes,Yes,Yes,Yes,Yes,No,No,No,No,No,No,No,No,No,
5724,Yes,Yes,Yes,Yes,Yes,No,No,No,No,No,No,No,No,No,
5751,Yes,Yes,Yes,Yes,Yes,Yes,Yes,No,No,No,No,No,No,No,
5779,Yes,Yes,Yes,Yes,Yes,No,No,No,No,No,No,No,No,No,
5783,Yes,Yes,Yes,Yes,Yes,No,No,No,No,No,No,No,No,No,
5828,Yes,Yes,Yes,No,No,No,No,No,No,No,No,No,No,No,
5831,Yes,Yes,Yes,Yes,Yes,No,No,No,No,No,No,No,No,No,
5839,Yes,Yes,Yes,No,No,No,No,No,No,No,No,No,No,No,
5851,Yes,Yes,Yes,Yes,Yes,Yes,Yes,Yes,Yes,No,Yes,No,No,No,
5852,Yes,Yes,Yes,Yes,Yes,Yes,Yes,Yes,Yes,No,No,No,No,No,
5853,Yes,Yes,Yes,Yes,Yes,Yes,Yes,Yes,Yes,No,No,No,No,No,
5854,Yes,Yes,Yes,Yes,Yes,Yes,Yes,Yes,Yes,No,No,No,No,No,
5886,Yes,Yes,Yes,Yes,Yes,Yes,Yes,No,No,No,No,No,No,No,
5893,Yes,Yes,Yes,No,No,No,No,No,No,No,No,No,No,No,
5902,Yes,Yes,Yes,Yes,Yes,Yes,Yes,Yes,Yes,No,No,No,No,No,
5913,Yes,Yes,Yes,Yes,Yes,Yes,Yes,No,No,No,No,No,No,No,
5921,Yes,Yes,Yes,Yes,Yes,Yes,Yes,No,No,No,No,No,No,No,
5984,Yes,Yes,Yes,Yes,Yes,No,No,No,No,No,No,No,No,No,
5996,Yes,Yes,Yes,Yes,Yes,No,No,No,No,No,No,No,No,No,
6006,Yes,Yes,Yes,Yes,Yes,Yes,Yes,No,No,No,No,No,No,No,
6045,Yes,Yes,Yes,No,No,No,No,No,No,No,No,No,No,No,
6046,Yes,Yes,Yes,Yes,Yes,Yes,Yes,No,No,No,No,No,No,No,
6060,Yes,Yes,Yes,Yes,Yes,Yes,Yes,No,No,No,No,No,No,No,
6065,Yes,Yes,Yes,No,No,No,No,No,No,No,No,No,No,No,
6103,Yes,Yes,Yes,Yes,Yes,Yes,Yes,Yes,Yes,No,No,No,No,No,
6112,Yes,Yes,Yes,No,No,No,No,No,No,No,No,No,No,No,
6119,Yes,Yes,Yes,Yes,Yes,Yes,Yes,No,No,No,No,No,No,No,
6135,Yes,Yes,Yes,Yes,Yes,Yes,Yes,No,No,No,No,No,No,No,
6141,Yes,Yes,Yes,Yes,Yes,Yes,Yes,No,No,No,No,No,No,No,
6159,Yes,Yes,Yes,Yes,Yes,Yes,Yes,No,No,No,No,No,No,No,
6161,Yes,Yes,Yes,Yes,Yes,Yes,Yes,Yes,Yes,No,No,No,No,No,
6178,Yes,Yes,Yes,Yes,Yes,Yes,Yes,Yes,Yes,No,No,No,No,No,
6195,Yes,Yes,Yes,Yes,Yes,Yes,Yes,No,No,No,No,No,No,No,
6197,Yes,Yes,Yes,Yes,Yes,Yes,Yes,Yes,Yes,No,Yes,No,No,No,
6223,Yes,Yes,Yes,Yes,Yes,Yes,Yes,Yes,Yes,No,No,No,No,No,
6226,Yes,Yes,Yes,Yes,Yes,Yes,Yes,Yes,Yes,No,Yes,No,No,No,
6227,Yes,Yes,Yes,Yes,Yes,Yes,Yes,Yes,Yes,No,No,No,No,No,
6249,Yes,Yes,Yes,Yes,Yes,Yes,Yes,Yes,Yes,No,No,No,No,No,
6276,Yes,Yes,Yes,No,No,No,No,No,No,No,No,No,No,No,
6299,Yes,Yes,Yes,No,No,No,No,No,No,No,No,No,No,No,
6300,Yes,Yes,Yes,No,No,No,No,No,No,No,No,No,No,No,
6305,Yes,Yes,Yes,Yes,Yes,Yes,Yes,Yes,Yes,No,No,No,No,No,
6369,Yes,Yes,Yes,No,No,No,No,No,No,No,No,No,No,No,
6388,Yes,Yes,Yes,Yes,Yes,Yes,Yes,No,No,No,No,No,No,No,
6411,Yes,Yes,Yes,Yes,Yes,Yes,Yes,No,No,No,No,No,No,No,
6418,Yes,Yes,Yes,Yes,Yes,Yes,Yes,No,No,No,No,No,No,No,
6428,Yes,Yes,Yes,Yes,Yes,Yes,Yes,No,No,No,No,No,No,No,
6441,Yes,Yes,Yes,Yes,Yes,Yes,Yes,No,No,No,No,No,No,No,
6447,Yes,Yes,Yes,Yes,Yes,Yes,Yes,No,No,No,No,No,No,No,
6448,Yes,Yes,Yes,Yes,Yes,No,No,No,No,No,No,No,No,No,
6462,Yes,Yes,Yes,Yes,Yes,Yes,Yes,No,No,No,No,No,No,No,
6463,Yes,Yes,Yes,Yes,Yes,Yes,Yes,Yes,Yes,No,No,No,No,No,
6473,Yes,Yes,Yes,Yes,Yes,Yes,Yes,Yes,Yes,No,No,No,No,No,
6481,Yes,Yes,Yes,Yes,Yes,Yes,Yes,Yes,Yes,No,No,No,No,No,
6569,Yes,Yes,Yes,Yes,Yes,No,No,No,No,No,No,No,No,No,
6570,Yes,Yes,Yes,No,No,No,No,No,No,No,No,No,No,No,
6573,Yes,Yes,Yes,Yes,Yes,Yes,Yes,Yes,Yes,No,No,No,No,No,
6602,Yes,Yes,Yes,Yes,Yes,No,No,No,No,No,No,No,No,No,
6636,Yes,Yes,Yes,No,No,No,No,No,No,No,No,No,No,No,
6638,Yes,Yes,Yes,Yes,Yes,Yes,Yes,Yes,Yes,No,Yes,No,No,No,
6642,Yes,Yes,Yes,Yes,Yes,Yes,Yes,No,No,No,No,No,No,No,
6662,Yes,Yes,Yes,No,No,No,No,No,No,No,No,No,No,No,
6672,Yes,Yes,Yes,Yes,Yes,Yes,Yes,Yes,Yes,No,No,No,No,No,
6678,Yes,Yes,Yes,Yes,Yes,No,No,No,No,No,No,No,No,No,
6685,Yes,Yes,Yes,No,No,No,No,No,No,No,No,No,No,No,
6700,Yes,Yes,Yes,No,No,No,No,No,No,No,No,No,No,No,
6716,Yes,Yes,Yes,Yes,Yes,Yes,Yes,No,No,No,No,No,No,No,
6722,Yes,No,No,No,No,No,No,No,No,No,No,No,No,No,
6727,Yes,Yes,Yes,No,No,No,No,No,No,No,No,No,No,No,
6741,Yes,Yes,Yes,Yes,No,No,No,No,No,No,No,No,No,No,
6777,Yes,Yes,Yes,Yes,Yes,No,No,No,No,No,No,No,No,No,
6782,Yes,Yes,Yes,No,No,No,No,No,No,No,No,No,No,No,
6809,Yes,Yes,Yes,Yes,Yes,No,No,No,No,No,No,No,No,No,
6852,Yes,Yes,Yes,No,No,No,No,No,No,No,No,No,No,No,
6854,Yes,Yes,Yes,Yes,Yes,Yes,Yes,No,No,No,No,No,No,No,
6857,Yes,Yes,Yes,No,No,No,No,No,No,No,No,No,No,No,
6858,Yes,Yes,Yes,Yes,No,No,No,No,No,No,No,No,No,No,
6876,Yes,Yes,Yes,Yes,No,No,No,No,No,No,No,No,No,No,
53001,Yes,Yes,Yes,Yes,Yes,Yes,Yes,Yes,Yes,No,No,No,No,No,
53005,Yes,Yes,Yes,Yes,Yes,Yes,Yes,Yes,Yes,No,No,No,No,No,
53006,Yes,Yes,Yes,Yes,Yes,Yes,Yes,Yes,Yes,No,No,No,No,No,
53023,Yes,Yes,Yes,Yes,Yes,Yes,Yes,Yes,Yes,No,No,No,No,No,
57866,Yes,Yes,Yes,Yes,Yes,Yes,Yes,Yes,Yes,No,No,No,No,No,
57867,Yes,Yes,Yes,Yes,Yes,Yes,Yes,Yes,Yes,No,No,No,No,No,
57868,Yes,Yes,Yes,Yes,Yes,Yes,Yes,Yes,Yes,No,No,No,No,No,
57869,Yes,Yes,Yes,Yes,Yes,Yes,Yes,Yes,Yes,No,No,No,No,No,
57902,Yes,Yes,Yes,Yes,Yes,Yes,Yes,Yes,Yes,No,No,No,No,No,
57907,Yes,Yes,Yes,Yes,Yes,Yes,Yes,Yes,Yes,No,No,No,No,No,
57910,Yes,Yes,Yes,Yes,Yes,Yes,Yes,Yes,Yes,No,No,No,No,No,
57927,Yes,Yes,Yes,Yes,Yes,Yes,Yes,Yes,Yes,No,No,No,No,No,
57930,Yes,Yes,Yes,Yes,Yes,Yes,Yes,Yes,Yes,No,No,No,No,No,
57932,Yes,Yes,Yes,Yes,Yes,Yes,Yes,Yes,Yes,No,No,No,No,No,
57942,Yes,Yes,Yes,Yes,Yes,Yes,Yes,Yes,Yes,No,No,No,No,No,
57945,Yes,Yes,Yes,Yes,Yes,Yes,Yes,Yes,Yes,No,No,No,No,No,
57948,Yes,Yes,Yes,Yes,Yes,Yes,Yes,Yes,Yes,No,No,No,No,No,
57954,Yes,Yes,Yes,Yes,Yes,Yes,Yes,Yes,Yes,No,No,No,No,No,
57956,Yes,Yes,Yes,Yes,Yes,Yes,Yes,Yes,Yes,No,No,No,No,No,
57999,Yes,Yes,Yes,Yes,Yes,Yes,Yes,Yes,Yes,No,No,No,No,No,
58008,Yes,Yes,Yes,Yes,Yes,Yes,Yes,Yes,Yes,No,No,No,No,No,
9999999,No,No,No,No,No,No,No,No,Yes,No,No,No,No,No,
1052355,No,No,No,No,No,No,No,No,Yes,No,No,No,No,No,
1162602,No,No,No,No,No,No,No,No,Yes,No,No,No,No,No,
1234567,No,No,No,No,No,No,No,No,Yes,No,No,No,No,No,
1234568,No,No,No,No,No,No,No,No,Yes,No,No,No,No,No,
1234569,No,No,No,No,No,No,No,No,Yes,No,No,No,No,No,
1422601,No,No,No,No,No,No,No,No,Yes,No,No,No,No,No,
1423200,No,No,No,No,No,No,No,No,Yes,No,No,No,No,No,
1764550,No,No,No,No,No,No,No,No,Yes,No,No,No,No,No,
1910827,No,No,No,No,No,No,No,No,Yes,No,No,No,No,No,
1928903,No,No,No,No,No,No,No,No,Yes,No,No,No,No,No,
1928904,No,No,No,No,No,No,No,No,Yes,No,No,No,No,No,
1928909,No,No,No,No,No,No,No,No,Yes,No,No,No,No,No,
1928910,No,No,No,No,No,No,No,No,Yes,No,No,No,No,No,
1929610,No,No,No,No,No,No,No,No,Yes,No,No,No,No,No,
1929805,No,No,No,No,No,No,No,No,Yes,No,No,No,No,No,
1929808,No,No,No,No,No,No,No,No,Yes,No,No,No,No,No,
1929902,No,No,No,No,No,No,No,No,Yes,No,No,No,No,No,
1929906,No,No,No,No,No,No,No,No,Yes,No,No,No,No,No,
1929909,No,No,No,No,No,No,No,No,Yes,No,No,No,No,No,
1930001,No,No,No,No,No,No,No,No,Yes,No,No,No,No,No,
1930301,No,No,No,No,No,No,No,No,Yes,No,No,No,No,No,
1930304,No,No,No,No,No,No,No,No,Yes,No,No,No,No,No,
1930306,No,No,No,No,No,No,No,No,Yes,No,No,No,No,No,
1930311,No,No,No,No,No,No,No,No,Yes,No,No,No,No,No,
1931000,No,No,No,No,No,No,No,No,Yes,No,No,No,No,No,
1931001,No,No,No,No,No,No,No,No,Yes,No,No,No,No,No,
1931004,No,No,No,No,No,No,No,No,Yes,No,No,No,No,No,
1931007,No,No,No,No,No,No,No,No,Yes,No,No,No,No,No,
1931012,No,No,No,No,No,No,No,No,Yes,No,No,No,No,No,
1931028,No,No,No,No,No,No,No,No,Yes,No,No,No,No,No,
1931029,No,No,No,No,No,No,No,No,Yes,No,No,No,No,No,
1931030,No,No,No,No,No,No,No,No,Yes,No,No,No,No,No,
1931035,No,No,No,No,No,No,No,No,Yes,No,No,No,No,No,
1931601,No,No,No,No,No,No,No,No,Yes,No,No,No,No,No,
1931604,No,No,No,No,No,No,No,No,Yes,No,No,No,No,No,
1931609,No,No,No,No,No,No,No,No,Yes,No,No,No,No,No,
1931620,No,No,No,No,No,No,No,No,Yes,No,No,No,No,No,
1931624,No,No,No,No,No,No,No,No,Yes,No,No,No,No,No,
1931625,No,No,No,No,No,No,No,No,Yes,No,No,No,No,No,
1931900,No,No,No,No,No,No,No,No,Yes,No,No,No,No,No,
1931901,No,No,No,No,No,No,No,No,Yes,No,No,No,No,No,
1931905,No,No,No,No,No,No,No,No,Yes,No,No,No,No,No,
1931906,No,No,No,No,No,No,No,No,Yes,No,No,No,No,No,
1931907,No,No,No,No,No,No,No,No,Yes,No,No,No,No,No,
1931908,No,No,No,No,No,No,No,No,Yes,No,No,No,No,No,
1931909,No,No,No,No,No,No,No,No,Yes,No,No,No,No,No,
1931911,No,No,No,No,No,No,No,No,Yes,No,No,No,No,No,
1931912,No,No,No,No,No,No,No,No,Yes,No,No,No,No,No,
1931914,No,No,No,No,No,No,No,No,Yes,No,No,No,No,No,
1931915,No,No,No,No,No,No,No,No,Yes,No,No,No,No,No,
1931917,No,No,No,No,No,No,No,No,Yes,No,No,No,No,No,
1931930,No,No,No,No,No,No,No,No,Yes,No,No,No,No,No,
1932102,No,No,No,No,No,No,No,No,Yes,No,No,No,No,No,
1932103,No,No,No,No,No,No,No,No,Yes,No,No,No,No,No,
1932106,No,No,No,No,No,No,No,No,Yes,No,No,No,No,No,
1932110,No,No,No,No,No,No,No,No,Yes,No,No,No,No,No,
1932121,No,No,No,No,No,No,No,No,Yes,No,No,No,No,No,
1932144,No,No,No,No,No,No,No,No,Yes,No,No,No,No,No,
1932147,No,No,No,No,No,No,No,No,Yes,No,No,No,No,No,
1932155,No,No,No,No,No,No,No,No,Yes,No,No,No,No,No,
2103200,No,No,No,No,No,No,No,No,Yes,No,No,No,No,No,
2103201,No,No,No,No,No,No,No,No,Yes,No,No,No,No,No,
2336400,No,No,No,No,No,No,No,No,Yes,No,No,No,No,No,
3328600,No,No,No,No,No,No,No,No,Yes,No,No,No,No,No,
6126802,No,No,No,No,No,No,No,No,Yes,No,No,No,No,No,
6126803,No,No,No,No,No,No,No,No,Yes,No,No,No,No,No,
6126804,No,No,No,No,No,No,No,No,Yes,No,No,No,No,No,
6126806,No,No,No,No,No,No,No,No,Yes,No,No,No,No,No,
6126807,No,No,No,No,No,No,No,No,Yes,No,No,No,No,No,
6126808,No,No,No,No,No,No,No,No,Yes,No,No,No,No,No,
6126810,No,No,No,No,No,No,No,No,Yes,No,No,No,No,No,
6126811,No,No,No,No,No,No,No,No,Yes,No,No,No,No,No,
6126813,No,No,No,No,No,No,No,No,Yes,No,No,No,No,No,
6126816,No,No,No,No,No,No,No,No,Yes,No,No,No,No,No,
6126820,No,No,No,No,No,No,No,No,Yes,No,No,No,No,No,
6172702,No,No,No,No,No,No,No,No,Yes,No,No,No,No,No,
53002,No,No,No,No,No,No,No,No,Yes,No,No,No,No,No,
53008,No,No,No,No,No,No,No,No,Yes,No,No,No,No,No,
53015,No,No,No,No,No,No,No,No,Yes,No,No,No,No,No,
53021,No,No,No,No,No,No,No,No,Yes,No,No,No,No,No,
53024,No,No,No,No,No,No,No,No,Yes,No,No,No,No,No,
53029,No,No,No,No,No,No,No,No,Yes,No,No,No,No,No,
53031,No,No,No,No,No,No,No,No,Yes,No,No,No,No,No,
53034,No,No,No,No,No,No,No,No,Yes,No,No,No,No,No,
53057,No,No,No,No,No,No,No,No,Yes,No,No,No,No,No,
53060,No,No,No,No,No,No,No,No,Yes,No,No,No,No,No,
53062,No,No,No,No,No,No,No,No,Yes,No,No,No,No,No,
53063,No,No,No,No,No,No,No,No,Yes,No,No,No,No,No,
53072,No,No,No,No,No,No,No,No,Yes,No,No,No,No,No,
53075,No,No,No,No,No,No,No,No,Yes,No,No,No,No,No,
53080,No,No,No,No,No,No,No,No,Yes,No,No,No,No,No,
6888100,No,No,No,No,No,No,No,No,Yes,No,No,No,No,No,
5041520,No,No,No,No,No,No,No,No,Yes,No,No,No,No,No,
2125,No,No,No,No,No,Yes,Yes,Yes,Yes,No,No,No,No,No,
3145,No,No,No,No,No,Yes,Yes,Yes,Yes,No,No,No,No,No,
38508,Yes,Yes,Yes,Yes,Yes,Yes,Yes,Yes,Yes,No,No,No,No,No,
35100,Yes,Yes,Yes,Yes,Yes,Yes,Yes,Yes,Yes,No,No,No,No,No,
4460,Yes,Yes,Yes,No,No,No,No,No,No,No,No,No,No,No,
6261,Yes,No,No,No,No,No,No,No,No,No,No,No,No,No,
2284,Yes,Yes,Yes,Yes,Yes,Yes,Yes,No,No,No,No,No,No,No,
53012,No,No,No,No,No,No,No,No,Yes,No,No,No,No,No,
53017,No,No,No,No,No,No,No,No,Yes,No,No,No,No,No,
53052,No,No,No,No,No,No,No,No,Yes,No,No,No,No,No,
57816,No,No,No,No,No,No,No,No,Yes,No,No,No,No,No,
57840,No,No,No,No,No,No,No,No,Yes,No,No,No,No,No,
57841,No,No,No,No,No,No,No,No,Yes,No,No,No,No,No,
57843,No,No,No,No,No,No,No,No,Yes,No,No,No,No,No,
57845,No,No,No,No,No,No,No,No,Yes,No,No,No,No,No,
57864,No,No,No,No,No,No,No,No,Yes,No,No,No,No,No,
57879,No,No,No,No,No,No,No,No,Yes,No,No,No,No,No,
57908,No,No,No,No,No,No,No,No,Yes,No,No,No,No,No,
57909,No,No,No,No,No,No,No,No,Yes,No,No,No,No,No,
57918,No,No,No,No,No,No,No,No,Yes,No,No,No,No,No,
57923,No,No,No,No,No,No,No,No,Yes,No,No,No,No,No,
57926,No,No,No,No,No,No,No,No,Yes,No,No,No,No,No,
58004,No,No,No,No,No,No,No,No,Yes,No,No,No,No,No,
58011,No,No,No,No,No,No,No,No,Yes,No,No,No,No,No,
53074,No,No,No,No,No,No,No,No,Yes,No,No,No,No,No,
50907,No,No,No,No,No,No,No,No,Yes,No,No,No,No,No,
53069,No,No,No,No,No,No,No,No,Yes,No,No,No,No,No,
53073,No,No,No,No,No,No,No,No,Yes,No,No,No,No,No,
53078,No,No,No,No,No,No,No,No,Yes,No,No,No,No,No,
53079,No,No,No,No,No,No,No,No,Yes,No,No,No,No,No,
53082,No,No,No,No,No,No,No,No,Yes,No,No,No,No,No,
4854,Yes,No,No,No,No,No,No,No,No,No,No,No,No,No,
2063,Yes,Yes,Yes,Yes,Yes,Yes,Yes,No,No,No,No,No,No,No,
53014,No,No,No,No,No,No,No,No,Yes,No,No,No,No,No,
8881000,Yes,Yes,Yes,Yes,Yes,Yes,Yes,Yes,Yes,No,No,No,No,No,
storage001,No,No,No,No,No,No,No,No,Yes,No,No,No,No,No,
storage003,No,No,No,No,No,No,No,No,Yes,No,No,No,No,No,
53092,No,No,No,No,No,No,No,No,Yes,No,No,No,No,No,
53094,No,No,No,No,No,No,No,No,Yes,No,No,No,No,No,
53095,No,No,No,No,No,No,No,No,Yes,No,No,No,No,No,
4804,Yes,Yes,Yes,Yes,Yes,No,No,No,No,No,No,No,No,No,
4824,Yes,Yes,Yes,No,No,No,No,No,No,No,No,No,No,No,
4816,Yes,Yes,Yes,Yes,Yes,No,No,No,No,No,No,No,No,No,
4829,Yes,Yes,Yes,Yes,Yes,No,No,No,No,No,No,No,No,No,
4783,Yes,Yes,Yes,Yes,Yes,No,No,No,No,No,No,No,No,No,
4798,Yes,Yes,Yes,Yes,Yes,No,No,No,No,No,No,No,No,No,
4799,Yes,Yes,Yes,Yes,Yes,Yes,Yes,No,No,No,No,No,No,No,
4797,Yes,Yes,Yes,Yes,Yes,No,No,No,No,No,No,No,No,No,
4831,Yes,Yes,Yes,Yes,No,No,No,No,No,No,No,No,No,No,
4846,Yes,Yes,Yes,Yes,Yes,No,No,No,No,No,No,No,No,No,
4840,Yes,Yes,Yes,Yes,Yes,Yes,Yes,Yes,Yes,No,No,No,No,No,
4497,Yes,Yes,Yes,No,No,No,No,No,No,No,No,No,No,No,
53068,No,No,No,No,No,No,No,No,Yes,No,No,No,No,No,
4843,Yes,Yes,Yes,Yes,Yes,Yes,Yes,Yes,Yes,No,No,No,No,No,
1929603,Yes,Yes,Yes,Yes,Yes,Yes,Yes,Yes,Yes,No,No,No,No,No,
38510,Yes,Yes,Yes,Yes,Yes,Yes,Yes,Yes,Yes,No,No,No,No,No,
1929602,Yes,Yes,Yes,Yes,Yes,Yes,Yes,Yes,Yes,No,No,No,No,No,
1929600,Yes,Yes,Yes,Yes,Yes,Yes,Yes,Yes,Yes,No,No,No,No,No,
62207,Yes,Yes,Yes,Yes,Yes,Yes,Yes,Yes,Yes,No,No,No,No,No,
53010,Yes,Yes,Yes,Yes,Yes,Yes,Yes,Yes,Yes,No,No,No,No,No,
53027,Yes,Yes,Yes,Yes,Yes,Yes,Yes,Yes,Yes,No,No,No,No,No,
4838,Yes,Yes,Yes,Yes,Yes,Yes,Yes,Yes,Yes,No,No,No,No,No,
4780,Yes,Yes,Yes,Yes,Yes,Yes,Yes,No,No,No,No,No,No,No,
50891,Yes,Yes,Yes,Yes,Yes,Yes,Yes,Yes,Yes,No,No,No,No,No,
50876,Yes,Yes,Yes,Yes,Yes,Yes,Yes,Yes,Yes,No,No,No,No,No,
50885,Yes,Yes,Yes,Yes,Yes,Yes,Yes,Yes,Yes,No,No,No,No,No,
50878,Yes,Yes,Yes,Yes,Yes,Yes,Yes,Yes,Yes,No,No,No,No,No,
50877,Yes,Yes,Yes,Yes,Yes,Yes,Yes,Yes,Yes,No,No,No,No,No,
2259,Yes,Yes,Yes,Yes,Yes,Yes,Yes,No,No,No,No,No,No,No,
2934,Yes,Yes,Yes,Yes,Yes,Yes,Yes,Yes,Yes,Yes,Yes,No,No,No,
3295,Yes,Yes,Yes,Yes,Yes,Yes,Yes,No,No,No,No,No,No,No,
3300,Yes,Yes,Yes,Yes,Yes,Yes,Yes,No,No,No,No,No,No,No,
4564,Yes,No,No,No,No,No,No,No,No,No,No,No,No,No,
6156,Yes,Yes,Yes,Yes,Yes,Yes,Yes,No,No,No,No,No,No,No,
6443,Yes,Yes,Yes,Yes,Yes,Yes,Yes,No,No,No,No,No,No,No,
6686,Yes,Yes,Yes,No,No,No,No,No,No,No,No,No,No,No,
53099,Yes,Yes,Yes,Yes,Yes,Yes,Yes,Yes,Yes,No,No,No,No,No,
53093,Yes,Yes,Yes,Yes,Yes,Yes,Yes,Yes,Yes,No,No,No,No,No,
4888,Yes,No,No,No,No,No,No,No,No,No,No,No,No,No,
53011,Yes,Yes,Yes,Yes,Yes,Yes,Yes,Yes,Yes,No,No,No,No,No,
53025,Yes,Yes,Yes,Yes,Yes,Yes,Yes,Yes,Yes,No,No,No,No,No,
53051,Yes,Yes,Yes,Yes,Yes,Yes,Yes,Yes,Yes,No,No,No,No,No,
53043,Yes,Yes,Yes,Yes,Yes,Yes,Yes,Yes,Yes,No,No,No,No,No,
53009,Yes,Yes,Yes,Yes,Yes,Yes,Yes,Yes,Yes,No,No,No,No,No,
53098,Yes,Yes,Yes,Yes,Yes,Yes,Yes,Yes,Yes,No,No,No,No,No,
3459920,Yes,Yes,Yes,Yes,Yes,Yes,Yes,Yes,Yes,No,No,No,No,No,
6668,Yes,Yes,Yes,Yes,Yes,No,No,No,No,No,No,No,No,No,
6485,Yes,Yes,Yes,Yes,Yes,No,No,No,No,No,No,No,No,No,
2304,Yes,Yes,Yes,Yes,Yes,Yes,Yes,Yes,No,No,No,No,No,No,
2365,Yes,Yes,Yes,Yes,Yes,Yes,Yes,No,No,No,No,No,No,No,
2468,Yes,No,No,No,No,No,No,No,No,No,No,No,No,No,
2486,Yes,Yes,Yes,Yes,Yes,Yes,Yes,Yes,No,No,No,No,No,No,
2522,Yes,Yes,Yes,Yes,Yes,Yes,Yes,No,No,No,No,No,No,No,
2620,Yes,Yes,Yes,Yes,Yes,Yes,Yes,No,No,No,No,No,No,No,
2774,Yes,Yes,Yes,Yes,Yes,Yes,Yes,No,No,No,No,No,No,No,
3033,Yes,Yes,Yes,Yes,Yes,Yes,Yes,Yes,Yes,No,No,No,No,No,
3072,Yes,Yes,Yes,Yes,Yes,Yes,Yes,No,No,No,No,No,No,No,
3287,Yes,Yes,Yes,Yes,Yes,Yes,Yes,Yes,Yes,No,No,No,No,No,
3296,Yes,Yes,Yes,Yes,Yes,Yes,Yes,Yes,No,No,No,No,No,No,
3575,Yes,Yes,Yes,Yes,Yes,Yes,Yes,No,No,No,No,No,No,No,
4369,Yes,Yes,Yes,No,No,No,No,No,No,No,No,No,No,No,
4625,Yes,Yes,Yes,Yes,Yes,No,No,No,No,No,No,No,No,No,
4898,Yes,Yes,Yes,Yes,Yes,Yes,Yes,No,No,No,No,No,No,No,
4918,Yes,No,No,No,No,No,No,No,No,No,No,No,No,No,
5256,Yes,Yes,Yes,Yes,Yes,Yes,Yes,No,No,No,No,No,No,No,
5258,Yes,Yes,Yes,Yes,Yes,Yes,Yes,No,No,No,No,No,No,No,
5319,Yes,Yes,Yes,No,No,No,No,No,No,No,No,No,No,No,
5349,Yes,Yes,Yes,Yes,Yes,No,No,No,No,No,No,No,No,No,
5534,Yes,Yes,Yes,Yes,Yes,Yes,Yes,Yes,Yes,No,No,No,No,No,
5616,Yes,Yes,Yes,Yes,Yes,Yes,Yes,No,No,No,No,No,No,No,
5676,Yes,Yes,Yes,Yes,Yes,Yes,Yes,No,No,No,No,No,No,No,
5865,Yes,Yes,Yes,Yes,Yes,Yes,Yes,Yes,Yes,No,No,No,No,No,
5884,Yes,Yes,Yes,Yes,Yes,Yes,Yes,Yes,Yes,No,No,No,No,No,
5891,Yes,Yes,Yes,Yes,Yes,Yes,Yes,Yes,Yes,No,No,No,No,No,
5910,Yes,Yes,Yes,Yes,Yes,No,No,No,No,No,No,No,No,No,
5919,Yes,Yes,Yes,Yes,Yes,Yes,Yes,No,No,No,No,No,No,No,
5920,Yes,Yes,Yes,Yes,Yes,No,No,No,No,No,No,No,No,No,
6061,Yes,Yes,Yes,Yes,Yes,Yes,Yes,No,No,No,No,No,No,No,
6087,Yes,Yes,Yes,Yes,Yes,No,No,No,No,No,No,No,No,No,
6097,Yes,Yes,Yes,Yes,Yes,Yes,Yes,No,No,No,No,No,No,No,
6107,Yes,Yes,Yes,Yes,Yes,Yes,Yes,No,No,No,No,No,No,No,
6115,Yes,Yes,Yes,Yes,Yes,Yes,Yes,No,No,No,No,No,No,No,
6176,Yes,Yes,Yes,Yes,Yes,Yes,Yes,No,No,No,No,No,No,No,
6303,Yes,Yes,Yes,No,No,No,No,No,No,No,No,No,No,No,
6304,Yes,Yes,Yes,Yes,Yes,Yes,Yes,No,No,No,No,No,No,No,
6377,Yes,Yes,Yes,Yes,Yes,No,No,No,No,No,No,No,No,No,
6594,Yes,Yes,Yes,No,No,No,No,No,No,No,No,No,No,No,
6657,Yes,Yes,Yes,Yes,Yes,Yes,Yes,No,No,No,No,No,No,No,
6842,Yes,Yes,Yes,Yes,Yes,No,No,No,No,No,No,No,No,No,
6896,Yes,Yes,Yes,No,No,No,No,No,No,No,No,No,No,No,
2188,No,No,Yes,Yes,Yes,Yes,Yes,Yes,Yes,No,No,No,No,No,
2278,No,No,Yes,Yes,Yes,Yes,Yes,Yes,Yes,No,No,No,No,No,
2371,No,No,Yes,Yes,Yes,Yes,Yes,Yes,Yes,No,Yes,No,No,No,
2562,No,No,Yes,Yes,Yes,Yes,Yes,Yes,Yes,No,No,No,No,No,
2638,No,No,Yes,Yes,Yes,Yes,Yes,Yes,Yes,No,Yes,No,No,No,
2914,No,No,Yes,Yes,Yes,Yes,Yes,Yes,Yes,No,No,No,No,No,
2915,No,No,Yes,Yes,Yes,Yes,Yes,Yes,Yes,No,No,No,No,No,
2916,No,No,Yes,Yes,Yes,Yes,Yes,Yes,Yes,No,No,No,No,No,
2917,No,No,Yes,Yes,Yes,Yes,Yes,Yes,Yes,No,Yes,No,No,No,
2938,No,No,Yes,Yes,Yes,Yes,Yes,No,No,No,No,No,No,No,
2968,No,No,Yes,No,No,No,No,No,No,No,No,No,No,No,
2969,No,No,Yes,Yes,Yes,Yes,Yes,Yes,Yes,No,Yes,No,No,No,
2971,No,No,Yes,Yes,Yes,Yes,Yes,Yes,Yes,No,Yes,No,No,No,
3223,No,No,Yes,Yes,Yes,Yes,Yes,No,No,No,No,No,No,No,
3255,No,No,Yes,Yes,Yes,Yes,Yes,Yes,No,No,No,No,No,No,
3303,No,No,Yes,No,No,No,No,No,No,No,No,No,No,No,
3468,No,No,Yes,Yes,Yes,Yes,Yes,No,No,No,No,No,No,No,
4346,No,No,Yes,No,No,No,No,No,No,No,No,No,No,No,
4347,No,No,Yes,Yes,Yes,Yes,Yes,No,No,No,No,No,No,No,
4358,No,No,Yes,Yes,Yes,Yes,Yes,Yes,Yes,No,No,No,No,No,
4561,No,No,Yes,Yes,Yes,Yes,Yes,No,No,No,No,No,No,No,
4802,No,No,Yes,No,No,No,No,No,No,No,No,No,No,No,
5021,No,No,Yes,No,No,No,No,No,No,No,No,No,No,No,
5071,No,No,Yes,No,No,No,No,No,No,No,No,No,No,No,
5108,No,No,Yes,Yes,Yes,Yes,Yes,Yes,Yes,No,No,No,No,No,
5109,No,No,Yes,Yes,Yes,Yes,Yes,Yes,Yes,No,Yes,No,No,No,
5185,No,No,Yes,Yes,Yes,Yes,Yes,Yes,Yes,No,Yes,No,No,No,
5187,No,No,Yes,Yes,Yes,No,No,No,No,No,No,No,No,No,
5201,No,No,Yes,Yes,No,No,No,No,No,No,No,No,No,No,
5254,No,No,Yes,Yes,Yes,Yes,Yes,Yes,Yes,No,No,No,No,No,
5274,No,No,Yes,Yes,Yes,Yes,Yes,No,No,No,No,No,No,No,
5276,No,No,Yes,Yes,Yes,Yes,Yes,Yes,Yes,No,No,No,No,No,
5340,No,No,Yes,Yes,Yes,Yes,Yes,No,No,No,No,No,No,No,
5373,No,No,Yes,Yes,Yes,No,No,No,No,No,No,No,No,No,
5395,No,No,Yes,No,No,No,No,No,No,No,No,No,No,No,
5412,No,No,Yes,Yes,Yes,Yes,Yes,No,No,No,No,No,No,No,
5457,No,No,Yes,Yes,Yes,Yes,Yes,No,No,No,No,No,No,No,
5496,No,No,Yes,Yes,Yes,No,No,No,No,No,No,No,No,No,
5596,No,No,Yes,No,No,No,No,No,No,No,No,No,No,No,
5658,No,No,Yes,No,No,No,No,No,No,No,No,No,No,No,
5805,No,No,Yes,Yes,Yes,Yes,Yes,No,No,No,No,No,No,No,
5819,No,No,Yes,Yes,Yes,Yes,Yes,No,No,No,No,No,No,No,
5847,No,No,Yes,Yes,Yes,No,No,No,No,No,No,No,No,No,
5866,No,No,Yes,Yes,Yes,Yes,Yes,Yes,Yes,No,No,No,No,No,
5936,No,No,Yes,No,No,No,No,No,No,No,No,No,No,No,
5967,No,No,Yes,Yes,Yes,No,No,No,No,No,No,No,No,No,
5970,No,No,Yes,Yes,Yes,No,No,No,No,No,No,No,No,No,
6058,No,No,Yes,No,No,No,No,No,No,No,No,No,No,No,
6086,No,No,Yes,Yes,Yes,Yes,Yes,No,No,No,No,No,No,No,
6128,No,No,Yes,Yes,Yes,Yes,Yes,Yes,Yes,No,No,No,No,No,
6168,No,No,Yes,No,No,No,No,No,No,No,No,No,No,No,
6334,No,No,Yes,Yes,Yes,Yes,Yes,No,No,No,No,No,No,No,
6407,No,No,Yes,No,No,No,No,No,No,No,No,No,No,No,
6502,No,No,Yes,No,No,No,No,No,No,No,No,No,No,No,
6513,No,No,Yes,Yes,Yes,Yes,Yes,Yes,Yes,No,No,No,No,No,
6520,No,No,Yes,No,No,No,No,No,No,No,No,No,No,No,
6524,No,No,Yes,No,No,No,No,No,No,No,No,No,No,No,
6536,No,No,Yes,Yes,Yes,No,No,No,No,No,No,No,No,No,
6597,No,No,Yes,Yes,Yes,No,No,No,No,No,No,No,No,No,
6606,No,No,Yes,No,No,No,No,No,No,No,No,No,No,No,
6653,No,No,Yes,Yes,Yes,Yes,Yes,Yes,Yes,No,No,No,No,No,
6715,No,No,Yes,No,No,No,No,No,No,No,No,No,No,No,
6761,No,No,Yes,No,No,No,No,No,No,No,No,No,No,No,
6781,No,No,Yes,Yes,Yes,Yes,Yes,Yes,Yes,No,No,No,No,No,
6864,No,No,Yes,Yes,Yes,Yes,Yes,No,No,No,No,No,No,No,
2004,Yes,Yes,Yes,Yes,Yes,Yes,Yes,No,No,No,No,No,No,No,
2031,Yes,Yes,Yes,Yes,Yes,Yes,Yes,Yes,Yes,No,No,No,No,No,
2039,Yes,Yes,Yes,Yes,Yes,Yes,Yes,Yes,Yes,No,No,No,No,No,
2094,Yes,Yes,Yes,Yes,Yes,Yes,Yes,Yes,Yes,No,No,No,No,No,
2140,Yes,Yes,No,No,No,No,No,No,No,No,No,No,No,No,
2143,Yes,Yes,Yes,Yes,Yes,Yes,Yes,Yes,Yes,No,No,No,No,No,
2177,Yes,Yes,Yes,Yes,Yes,Yes,Yes,No,No,No,No,No,No,No,
2191,Yes,Yes,Yes,Yes,Yes,Yes,Yes,Yes,Yes,Yes,Yes,Yes,Yes,Yes,
2200,Yes,Yes,Yes,Yes,Yes,Yes,Yes,Yes,Yes,No,Yes,No,No,No,
2203,Yes,Yes,Yes,Yes,Yes,Yes,Yes,No,No,No,No,No,No,No,
2208,Yes,Yes,Yes,Yes,Yes,Yes,Yes,No,No,No,No,No,No,No,
2211,Yes,Yes,Yes,Yes,Yes,Yes,Yes,No,No,No,No,No,No,No,
2253,Yes,Yes,Yes,Yes,Yes,Yes,Yes,Yes,No,No,No,No,No,No,
2270,Yes,Yes,Yes,Yes,Yes,Yes,Yes,Yes,Yes,No,No,No,No,No,
2342,Yes,Yes,Yes,Yes,Yes,Yes,Yes,No,No,No,No,No,No,No,
2345,Yes,Yes,Yes,Yes,Yes,Yes,Yes,No,No,No,No,No,No,No,
2348,Yes,Yes,Yes,Yes,Yes,Yes,Yes,No,No,No,No,No,No,No,
2395,Yes,Yes,Yes,Yes,Yes,Yes,Yes,No,No,No,No,No,No,No,
2422,Yes,Yes,Yes,Yes,Yes,Yes,Yes,Yes,Yes,No,Yes,No,No,No,
2438,Yes,Yes,Yes,Yes,Yes,Yes,Yes,Yes,Yes,No,No,No,No,No,
2445,Yes,Yes,Yes,Yes,Yes,Yes,Yes,Yes,Yes,No,No,No,No,No,
2449,Yes,Yes,Yes,Yes,Yes,Yes,Yes,Yes,No,No,No,No,No,No,
2450,Yes,Yes,Yes,Yes,Yes,Yes,Yes,Yes,Yes,No,No,No,No,No,
2485,Yes,Yes,Yes,Yes,Yes,Yes,Yes,No,No,No,No,No,No,No,
2526,Yes,Yes,Yes,Yes,Yes,Yes,Yes,Yes,No,No,No,No,No,No,
2531,Yes,Yes,Yes,Yes,No,No,No,No,No,No,No,No,No,No,
2535,Yes,Yes,Yes,Yes,Yes,Yes,Yes,Yes,Yes,No,No,No,No,No,
2541,Yes,Yes,Yes,Yes,Yes,Yes,Yes,No,No,No,No,No,No,No,
2556,Yes,Yes,Yes,Yes,Yes,Yes,Yes,No,No,No,No,No,No,No,
2560,Yes,Yes,Yes,Yes,Yes,Yes,Yes,Yes,Yes,No,Yes,No,No,No,
2572,Yes,Yes,Yes,Yes,Yes,Yes,Yes,Yes,Yes,No,No,No,No,No,
2577,Yes,Yes,Yes,Yes,Yes,Yes,Yes,No,No,No,No,No,No,No,
2596,Yes,Yes,Yes,Yes,Yes,Yes,Yes,Yes,Yes,Yes,Yes,Yes,Yes,Yes,
2680,Yes,Yes,Yes,Yes,No,No,No,No,No,No,No,No,No,No,
2723,Yes,Yes,Yes,Yes,Yes,Yes,Yes,Yes,Yes,Yes,Yes,Yes,Yes,Yes,
2803,Yes,Yes,Yes,Yes,Yes,Yes,Yes,No,No,No,No,No,No,No,
2821,Yes,Yes,Yes,Yes,Yes,Yes,Yes,Yes,Yes,No,No,No,No,No,
2857,Yes,Yes,Yes,Yes,Yes,Yes,Yes,Yes,Yes,No,No,No,No,No,
2860,Yes,Yes,Yes,Yes,Yes,Yes,Yes,Yes,Yes,No,No,No,No,No,
2902,Yes,Yes,Yes,Yes,Yes,Yes,Yes,No,No,No,No,No,No,No,
2903,Yes,Yes,Yes,Yes,Yes,Yes,Yes,Yes,Yes,No,No,No,No,No,
2906,Yes,Yes,Yes,Yes,Yes,Yes,Yes,Yes,Yes,No,No,No,No,No,
2965,Yes,Yes,Yes,Yes,Yes,Yes,Yes,No,No,No,No,No,No,No,
3003,Yes,Yes,Yes,Yes,Yes,Yes,Yes,Yes,Yes,Yes,Yes,Yes,Yes,Yes,
3007,Yes,Yes,Yes,Yes,Yes,Yes,Yes,Yes,Yes,No,No,No,No,No,
3038,Yes,Yes,Yes,Yes,Yes,Yes,Yes,No,No,No,No,No,No,No,
3066,Yes,Yes,Yes,Yes,Yes,Yes,Yes,Yes,Yes,No,No,No,No,No,
3068,Yes,Yes,Yes,Yes,Yes,Yes,Yes,No,No,No,No,No,No,No,
3070,Yes,Yes,Yes,Yes,Yes,Yes,Yes,No,No,No,No,No,No,No,
3077,Yes,Yes,Yes,Yes,Yes,Yes,Yes,Yes,Yes,No,No,No,No,No,
3078,Yes,Yes,Yes,Yes,Yes,Yes,Yes,No,No,No,No,No,No,No,
3112,Yes,Yes,Yes,Yes,Yes,Yes,Yes,Yes,Yes,No,Yes,No,No,No,
3116,Yes,Yes,No,No,No,No,No,No,No,No,No,No,No,No,
3137,Yes,Yes,Yes,Yes,Yes,Yes,Yes,Yes,Yes,No,No,No,No,No,
3148,Yes,Yes,Yes,Yes,Yes,Yes,Yes,No,No,No,No,No,No,No,
3179,Yes,Yes,Yes,Yes,Yes,Yes,Yes,Yes,Yes,No,No,No,No,No,
3180,Yes,Yes,Yes,Yes,Yes,Yes,Yes,Yes,Yes,No,No,No,No,No,
3189,Yes,Yes,Yes,Yes,Yes,Yes,Yes,Yes,Yes,No,No,No,No,No,
3205,Yes,Yes,Yes,Yes,Yes,Yes,Yes,Yes,Yes,No,No,No,No,No,
3232,Yes,Yes,Yes,Yes,Yes,Yes,Yes,No,No,No,No,No,No,No,
3235,Yes,Yes,Yes,Yes,Yes,Yes,Yes,Yes,Yes,No,Yes,No,No,No,
3246,Yes,Yes,Yes,Yes,No,No,No,No,No,No,No,No,No,No,
3257,Yes,Yes,Yes,Yes,No,No,No,No,No,No,No,No,No,No,
3283,Yes,Yes,Yes,Yes,Yes,Yes,Yes,No,No,No,No,No,No,No,
3292,Yes,Yes,Yes,Yes,Yes,Yes,Yes,No,No,No,No,No,No,No,
3304,Yes,Yes,Yes,Yes,Yes,Yes,Yes,No,No,No,No,No,No,No,
3330,Yes,Yes,Yes,Yes,Yes,Yes,Yes,Yes,No,No,No,No,No,No,
3355,Yes,Yes,Yes,Yes,No,No,No,No,No,No,No,No,No,No,
3386,Yes,Yes,Yes,Yes,Yes,Yes,Yes,No,No,No,No,No,No,No,
3389,Yes,Yes,Yes,Yes,Yes,Yes,Yes,Yes,Yes,Yes,Yes,Yes,Yes,Yes,
3399,Yes,Yes,Yes,Yes,Yes,Yes,Yes,Yes,Yes,No,No,No,No,No,
3400,Yes,Yes,Yes,Yes,No,No,No,No,No,No,No,No,No,No,
3401,Yes,Yes,Yes,Yes,Yes,Yes,Yes,Yes,Yes,No,No,No,No,No,
3402,Yes,Yes,Yes,Yes,Yes,Yes,Yes,No,No,No,No,No,No,No,
3446,Yes,Yes,Yes,Yes,Yes,Yes,Yes,No,No,No,No,No,No,No,
4342,Yes,Yes,Yes,Yes,Yes,Yes,Yes,Yes,Yes,No,No,No,No,No,
4356,Yes,Yes,Yes,Yes,Yes,Yes,Yes,Yes,Yes,Yes,Yes,Yes,Yes,Yes,
4376,Yes,Yes,Yes,Yes,Yes,Yes,Yes,No,No,No,No,No,No,No,
4387,Yes,Yes,No,No,No,No,No,No,No,No,No,No,No,No,
4392,Yes,Yes,No,No,No,No,No,No,No,No,No,No,No,No,
4490,Yes,Yes,No,No,No,No,No,No,No,No,No,No,No,No,
4498,Yes,Yes,Yes,Yes,Yes,Yes,Yes,No,No,No,No,No,No,No,
4502,Yes,Yes,No,No,No,No,No,No,No,No,No,No,No,No,
4616,Yes,Yes,No,No,No,No,No,No,No,No,No,No,No,No,
4619,Yes,Yes,Yes,Yes,No,No,No,No,No,No,No,No,No,No,
4647,Yes,Yes,Yes,Yes,No,No,No,No,No,No,No,No,No,No,
4791,Yes,Yes,Yes,Yes,Yes,Yes,Yes,Yes,Yes,Yes,Yes,Yes,Yes,Yes,
4808,Yes,Yes,Yes,Yes,No,No,No,No,No,No,No,No,No,No,
4817,Yes,Yes,No,No,No,No,No,No,No,No,No,No,No,No,
4836,Yes,Yes,Yes,Yes,No,No,No,No,No,No,No,No,No,No,
4857,Yes,Yes,Yes,Yes,Yes,Yes,Yes,Yes,No,No,No,No,No,No,
4875,Yes,Yes,No,No,No,No,No,No,No,No,No,No,No,No,
4894,Yes,Yes,No,No,No,No,No,No,No,No,No,No,No,No,
4935,Yes,Yes,Yes,Yes,Yes,Yes,Yes,Yes,Yes,No,No,No,No,No,
5001,Yes,Yes,Yes,Yes,Yes,Yes,Yes,No,No,No,No,No,No,No,
5003,Yes,Yes,Yes,Yes,No,No,No,No,No,No,No,No,No,No,
5061,Yes,Yes,Yes,Yes,Yes,Yes,Yes,Yes,Yes,Yes,Yes,Yes,Yes,Yes,
5069,Yes,Yes,Yes,Yes,Yes,Yes,Yes,No,No,No,No,No,No,No,
5102,Yes,Yes,Yes,Yes,Yes,Yes,Yes,No,No,No,No,No,No,No,
5122,Yes,Yes,Yes,Yes,Yes,Yes,Yes,No,No,No,No,No,No,No,
5145,Yes,Yes,Yes,Yes,No,No,No,No,No,No,No,No,No,No,
5214,Yes,Yes,Yes,Yes,No,No,No,No,No,No,No,No,No,No,
5226,Yes,Yes,Yes,Yes,Yes,Yes,Yes,No,No,No,No,No,No,No,
5233,Yes,Yes,Yes,Yes,Yes,Yes,Yes,No,No,No,No,No,No,No,
5234,Yes,Yes,Yes,Yes,No,No,No,No,No,No,No,No,No,No,
5238,Yes,Yes,Yes,Yes,Yes,Yes,Yes,Yes,Yes,Yes,Yes,Yes,Yes,Yes,
5311,Yes,Yes,Yes,Yes,Yes,Yes,Yes,No,No,No,No,No,No,No,
5337,Yes,Yes,Yes,Yes,Yes,Yes,Yes,Yes,Yes,No,No,No,No,No,
5346,Yes,Yes,Yes,Yes,Yes,Yes,Yes,No,No,No,No,No,No,No,
5356,Yes,Yes,Yes,Yes,Yes,Yes,Yes,No,No,No,No,No,No,No,
5374,Yes,Yes,Yes,Yes,Yes,Yes,Yes,No,No,No,No,No,No,No,
5420,Yes,Yes,Yes,Yes,Yes,Yes,Yes,No,No,No,No,No,No,No,
5424,Yes,Yes,Yes,Yes,Yes,Yes,Yes,No,No,No,No,No,No,No,
5444,Yes,Yes,No,No,No,No,No,No,No,No,No,No,No,No,
5470,Yes,Yes,Yes,Yes,Yes,Yes,Yes,No,No,No,No,No,No,No,
5510,Yes,Yes,Yes,Yes,Yes,Yes,Yes,No,No,No,No,No,No,No,
5511,Yes,Yes,Yes,Yes,Yes,Yes,Yes,No,No,No,No,No,No,No,
5514,Yes,Yes,Yes,Yes,Yes,Yes,Yes,Yes,Yes,Yes,Yes,Yes,Yes,Yes,
5530,Yes,Yes,Yes,Yes,Yes,Yes,Yes,Yes,Yes,Yes,Yes,Yes,Yes,Yes,
5537,Yes,Yes,Yes,Yes,Yes,Yes,Yes,Yes,Yes,Yes,Yes,Yes,Yes,Yes,
5560,Yes,Yes,Yes,Yes,Yes,Yes,Yes,No,No,No,No,No,No,No,
5601,Yes,Yes,Yes,Yes,Yes,Yes,Yes,Yes,Yes,No,Yes,No,No,No,
5608,Yes,Yes,Yes,Yes,Yes,Yes,Yes,Yes,Yes,Yes,Yes,Yes,Yes,Yes,
5645,Yes,Yes,Yes,Yes,Yes,Yes,Yes,Yes,Yes,Yes,Yes,Yes,Yes,Yes,
5649,Yes,Yes,No,No,No,No,No,No,No,No,No,No,No,No,
5651,Yes,Yes,Yes,Yes,Yes,Yes,Yes,Yes,No,No,No,No,No,No,
5686,Yes,Yes,Yes,Yes,No,No,No,No,No,No,No,No,No,No,
5687,Yes,Yes,Yes,Yes,Yes,Yes,Yes,No,No,No,No,No,No,No,
5708,Yes,Yes,Yes,Yes,No,No,No,No,No,No,No,No,No,No,
5710,Yes,Yes,Yes,Yes,No,No,No,No,No,No,No,No,No,No,
5729,Yes,Yes,Yes,Yes,Yes,Yes,Yes,Yes,Yes,Yes,Yes,Yes,Yes,Yes,
5735,Yes,Yes,Yes,Yes,Yes,Yes,Yes,Yes,Yes,Yes,Yes,Yes,Yes,Yes,
5857,Yes,Yes,Yes,Yes,Yes,Yes,Yes,Yes,No,No,No,No,No,No,
5863,Yes,Yes,Yes,Yes,Yes,Yes,Yes,No,No,No,No,No,No,No,
5882,Yes,Yes,No,No,No,No,No,No,No,No,No,No,No,No,
5904,Yes,Yes,Yes,Yes,Yes,Yes,Yes,Yes,Yes,No,No,No,No,No,
5942,Yes,Yes,Yes,Yes,No,No,No,No,No,No,No,No,No,No,
5998,Yes,Yes,Yes,Yes,Yes,Yes,Yes,Yes,Yes,No,No,No,No,No,
5999,Yes,Yes,Yes,Yes,Yes,Yes,Yes,Yes,Yes,No,No,No,No,No,
6071,Yes,Yes,Yes,Yes,Yes,Yes,Yes,No,No,No,No,No,No,No,
6093,Yes,Yes,Yes,Yes,No,No,No,No,No,No,No,No,No,No,
6094,Yes,Yes,Yes,Yes,No,No,No,No,No,No,No,No,No,No,
6104,Yes,Yes,No,No,No,No,No,No,No,No,No,No,No,No,
6133,Yes,Yes,Yes,Yes,Yes,Yes,Yes,No,No,No,No,No,No,No,
6147,Yes,Yes,Yes,Yes,No,No,No,No,No,No,No,No,No,No,
6166,Yes,Yes,Yes,Yes,No,No,No,No,No,No,No,No,No,No,
6196,Yes,Yes,Yes,Yes,Yes,Yes,Yes,Yes,Yes,No,No,No,No,No,
6220,Yes,Yes,No,No,No,No,No,No,No,No,No,No,No,No,
6224,Yes,Yes,Yes,Yes,No,No,No,No,No,No,No,No,No,No,
6239,Yes,Yes,Yes,Yes,No,No,No,No,No,No,No,No,No,No,
6260,Yes,Yes,Yes,Yes,Yes,Yes,Yes,Yes,Yes,Yes,Yes,Yes,Yes,Yes,
6290,Yes,Yes,Yes,Yes,No,No,No,No,No,No,No,No,No,No,
6335,Yes,Yes,Yes,Yes,No,No,No,No,No,No,No,No,No,No,
6372,Yes,Yes,Yes,Yes,No,No,No,No,No,No,No,No,No,No,
6386,Yes,Yes,Yes,Yes,Yes,Yes,Yes,No,No,No,No,No,No,No,
6424,Yes,Yes,Yes,Yes,Yes,Yes,Yes,No,No,No,No,No,No,No,
6495,Yes,Yes,Yes,Yes,Yes,Yes,Yes,No,No,No,No,No,No,No,
6496,Yes,Yes,Yes,Yes,No,No,No,No,No,No,No,No,No,No,
6500,Yes,Yes,No,No,No,No,No,No,No,No,No,No,No,No,
6511,Yes,Yes,Yes,Yes,No,No,No,No,No,No,No,No,No,No,
6523,Yes,Yes,Yes,Yes,Yes,Yes,Yes,Yes,Yes,Yes,Yes,Yes,Yes,Yes,
6531,Yes,Yes,Yes,Yes,Yes,Yes,Yes,Yes,Yes,No,No,No,No,No,
6575,Yes,Yes,Yes,Yes,No,No,No,No,No,No,No,No,No,No,
6630,Yes,Yes,Yes,Yes,No,No,No,No,No,No,No,No,No,No,
6637,Yes,Yes,Yes,Yes,Yes,Yes,Yes,Yes,Yes,Yes,Yes,Yes,Yes,Yes,
6650,Yes,Yes,Yes,Yes,No,No,No,No,No,No,No,No,No,No,
6664,Yes,Yes,No,No,No,No,No,No,No,No,No,No,No,No,
6675,Yes,Yes,No,No,No,No,No,No,No,No,No,No,No,No,
6690,Yes,Yes,Yes,Yes,No,No,No,No,No,No,No,No,No,No,
6698,Yes,Yes,No,No,No,No,No,No,No,No,No,No,No,No,
6706,Yes,Yes,Yes,Yes,No,No,No,No,No,No,No,No,No,No,
6725,Yes,Yes,No,No,No,No,No,No,No,No,No,No,No,No,
6763,Yes,Yes,No,No,No,No,No,No,No,No,No,No,No,No,
6765,Yes,Yes,Yes,Yes,Yes,Yes,Yes,No,No,No,No,No,No,No,
6774,Yes,Yes,Yes,Yes,Yes,Yes,Yes,No,No,No,No,No,No,No,
6784,Yes,Yes,Yes,Yes,No,No,No,No,No,No,No,No,No,No,
6785,Yes,Yes,Yes,Yes,Yes,Yes,Yes,Yes,Yes,No,No,No,No,No,
6790,Yes,Yes,Yes,Yes,Yes,Yes,Yes,No,No,No,No,No,No,No,
6802,Yes,Yes,No,No,No,No,No,No,No,No,No,No,No,No,
6827,Yes,Yes,No,No,No,No,No,No,No,No,No,No,No,No,
6835,Yes,Yes,Yes,Yes,Yes,Yes,Yes,No,No,No,No,No,No,No,
6843,Yes,Yes,Yes,Yes,No,No,No,No,No,No,No,No,No,No,
6885,Yes,Yes,Yes,Yes,Yes,Yes,Yes,No,No,No,No,No,No,No,
6981,Yes,Yes,Yes,Yes,No,No,No,No,No,No,No,No,No,No,
6999,Yes,Yes,Yes,Yes,Yes,Yes,Yes,Yes,Yes,Yes,Yes,Yes,Yes,Yes,
57817,Yes,Yes,Yes,Yes,Yes,Yes,Yes,Yes,Yes,No,No,No,No,No,
57844,Yes,Yes,Yes,Yes,Yes,Yes,Yes,Yes,Yes,No,No,No,No,No,
57880,Yes,Yes,Yes,Yes,Yes,Yes,Yes,Yes,Yes,No,No,No,No,No,
57881,Yes,Yes,Yes,Yes,Yes,Yes,Yes,Yes,Yes,No,No,No,No,No,
57890,Yes,Yes,Yes,Yes,Yes,Yes,Yes,Yes,Yes,No,No,No,No,No,
57906,Yes,Yes,Yes,Yes,Yes,Yes,Yes,Yes,Yes,No,No,No,No,No,
57912,Yes,Yes,Yes,Yes,Yes,Yes,Yes,Yes,Yes,No,No,No,No,No,
57917,Yes,Yes,Yes,Yes,Yes,Yes,Yes,Yes,Yes,No,No,No,No,No,
57952,Yes,Yes,Yes,Yes,Yes,Yes,Yes,Yes,Yes,No,No,No,No,No,
57986,Yes,Yes,Yes,Yes,Yes,Yes,Yes,Yes,Yes,No,No,No,No,No,
57989,Yes,Yes,Yes,Yes,Yes,Yes,Yes,Yes,Yes,No,No,No,No,No,
57991,Yes,Yes,Yes,Yes,Yes,Yes,Yes,Yes,Yes,No,No,No,No,No,
57992,Yes,Yes,Yes,Yes,Yes,Yes,Yes,Yes,Yes,No,No,No,No,No,
57994,Yes,Yes,Yes,Yes,Yes,Yes,Yes,Yes,Yes,No,No,No,No,No,
38507,Yes,Yes,Yes,Yes,Yes,Yes,Yes,Yes,Yes,Yes,Yes,No,No,No,
999,Yes,Yes,Yes,Yes,Yes,Yes,Yes,Yes,Yes,No,No,No,No,No,
6029,No,No,Yes,Yes,Yes,Yes,Yes,No,No,No,No,No,No,No,
2058,Yes,Yes,Yes,Yes,Yes,Yes,Yes,No,No,No,No,No,No,No,
2065,Yes,Yes,Yes,Yes,Yes,Yes,Yes,Yes,Yes,No,Yes,No,No,No,
2072,Yes,Yes,Yes,Yes,Yes,Yes,Yes,Yes,Yes,No,No,No,No,No,
2073,Yes,Yes,Yes,Yes,Yes,Yes,Yes,Yes,Yes,No,No,No,No,No,
2078,Yes,Yes,Yes,Yes,Yes,Yes,Yes,Yes,Yes,No,No,No,No,No,
2082,Yes,Yes,Yes,Yes,Yes,Yes,Yes,Yes,Yes,No,No,No,No,No,
2092,Yes,Yes,Yes,Yes,Yes,Yes,Yes,No,No,No,No,No,No,No,
2097,Yes,Yes,Yes,Yes,Yes,Yes,Yes,Yes,Yes,No,No,No,No,No,
2101,Yes,Yes,Yes,Yes,Yes,Yes,Yes,Yes,Yes,No,No,No,No,No,
2134,Yes,Yes,Yes,Yes,Yes,Yes,Yes,Yes,Yes,No,No,No,No,No,
2152,Yes,Yes,Yes,Yes,Yes,Yes,Yes,Yes,Yes,No,No,No,No,No,
2161,Yes,Yes,Yes,Yes,Yes,Yes,Yes,No,No,No,No,No,No,No,
2166,Yes,Yes,Yes,Yes,Yes,Yes,Yes,Yes,Yes,No,Yes,No,No,No,
2169,Yes,Yes,Yes,Yes,Yes,Yes,Yes,Yes,Yes,No,No,No,No,No,
2172,Yes,Yes,Yes,Yes,Yes,Yes,Yes,Yes,Yes,No,No,No,No,No,
2174,Yes,Yes,Yes,Yes,Yes,Yes,Yes,Yes,Yes,No,Yes,No,No,No,
2176,Yes,Yes,Yes,Yes,Yes,No,No,No,No,No,No,No,No,No,
2179,Yes,Yes,Yes,Yes,Yes,Yes,Yes,Yes,Yes,No,No,No,No,No,
2190,Yes,Yes,Yes,Yes,Yes,Yes,Yes,No,No,No,No,No,No,No,
2218,Yes,Yes,Yes,Yes,Yes,Yes,Yes,Yes,Yes,No,No,No,No,No,
2239,Yes,Yes,Yes,Yes,Yes,Yes,Yes,No,No,No,No,No,No,No,
2249,Yes,Yes,No,No,No,No,No,No,No,No,No,No,No,No,
2265,Yes,Yes,Yes,Yes,Yes,Yes,Yes,Yes,Yes,No,No,No,No,No,
2271,Yes,Yes,Yes,Yes,Yes,Yes,Yes,Yes,Yes,No,No,No,No,No,
2297,Yes,Yes,Yes,Yes,Yes,Yes,Yes,No,No,No,No,No,No,No,
2299,Yes,Yes,Yes,Yes,Yes,Yes,Yes,No,No,No,No,No,No,No,
2310,Yes,Yes,Yes,Yes,Yes,Yes,Yes,Yes,Yes,No,Yes,No,No,No,
2326,Yes,Yes,Yes,Yes,Yes,Yes,Yes,Yes,Yes,No,Yes,No,No,No,
2327,Yes,Yes,Yes,Yes,Yes,Yes,Yes,Yes,Yes,No,No,No,No,No,
2329,Yes,Yes,Yes,Yes,Yes,Yes,Yes,Yes,Yes,No,No,No,No,No,
2330,Yes,Yes,Yes,Yes,Yes,Yes,Yes,Yes,Yes,No,No,No,No,No,
2357,Yes,Yes,Yes,Yes,Yes,Yes,Yes,No,No,No,No,No,No,No,
2373,Yes,Yes,Yes,Yes,Yes,Yes,Yes,No,No,No,No,No,No,No,
2377,Yes,Yes,Yes,Yes,Yes,No,No,No,No,No,No,No,No,No,
2391,Yes,Yes,Yes,Yes,Yes,Yes,Yes,Yes,Yes,No,No,No,No,No,
2393,Yes,Yes,Yes,Yes,Yes,Yes,Yes,Yes,Yes,No,No,No,No,No,
2394,Yes,Yes,Yes,Yes,Yes,Yes,Yes,Yes,Yes,No,No,No,No,No,
2436,Yes,Yes,Yes,Yes,Yes,Yes,Yes,Yes,Yes,No,No,No,No,No,
2469,Yes,Yes,Yes,Yes,Yes,Yes,Yes,Yes,Yes,No,No,No,No,No,
2470,Yes,Yes,Yes,Yes,Yes,Yes,Yes,Yes,Yes,No,Yes,No,No,No,
2502,Yes,Yes,Yes,Yes,Yes,Yes,Yes,No,No,No,No,No,No,No,
2506,Yes,Yes,Yes,Yes,Yes,Yes,Yes,No,No,No,No,No,No,No,
2527,Yes,Yes,Yes,Yes,Yes,Yes,Yes,No,No,No,No,No,No,No,
2554,Yes,Yes,Yes,Yes,Yes,Yes,Yes,No,No,No,No,No,No,No,
2568,Yes,Yes,Yes,Yes,Yes,No,No,No,No,No,No,No,No,No,
2569,Yes,Yes,Yes,Yes,Yes,Yes,Yes,Yes,Yes,No,No,No,No,No,
2574,Yes,Yes,Yes,Yes,Yes,Yes,Yes,Yes,Yes,No,No,No,No,No,
2600,Yes,Yes,No,No,No,No,No,No,No,No,No,No,No,No,
2603,Yes,Yes,Yes,Yes,Yes,No,No,No,No,No,No,No,No,No,
2618,Yes,Yes,Yes,Yes,Yes,Yes,Yes,Yes,Yes,No,No,No,No,No,
2619,Yes,Yes,Yes,Yes,Yes,Yes,Yes,No,No,No,No,No,No,No,
2621,Yes,Yes,Yes,Yes,No,No,No,No,No,No,No,No,No,No,
2634,Yes,Yes,Yes,Yes,Yes,Yes,Yes,No,No,No,No,No,No,No,
2639,Yes,Yes,Yes,Yes,Yes,Yes,Yes,Yes,Yes,No,No,No,No,No,
2665,Yes,Yes,Yes,Yes,Yes,Yes,Yes,No,No,No,No,No,No,No,
2671,Yes,Yes,Yes,Yes,Yes,Yes,Yes,Yes,No,No,No,No,No,No,
2684,Yes,Yes,No,No,No,No,No,No,No,No,No,No,No,No,
2685,Yes,Yes,Yes,Yes,Yes,Yes,Yes,Yes,Yes,No,No,No,No,No,
2697,Yes,Yes,Yes,Yes,Yes,Yes,Yes,Yes,Yes,No,No,No,No,No,
2709,Yes,Yes,Yes,No,No,No,No,No,No,No,No,No,No,No,
2720,Yes,Yes,Yes,Yes,Yes,Yes,Yes,No,No,No,No,No,No,No,
2722,Yes,Yes,Yes,Yes,Yes,No,No,No,No,No,No,No,No,No,
2726,Yes,Yes,Yes,Yes,Yes,Yes,Yes,Yes,Yes,No,No,No,No,No,
2730,Yes,Yes,Yes,Yes,Yes,Yes,Yes,No,No,No,No,No,No,No,
2745,Yes,Yes,Yes,Yes,Yes,Yes,Yes,No,No,No,No,No,No,No,
2747,Yes,Yes,Yes,Yes,Yes,Yes,Yes,No,No,No,No,No,No,No,
2748,Yes,Yes,Yes,Yes,Yes,Yes,Yes,Yes,Yes,No,Yes,No,No,No,
2751,Yes,Yes,Yes,Yes,Yes,Yes,Yes,Yes,Yes,No,No,No,No,No,
2757,Yes,Yes,Yes,Yes,No,No,No,No,No,No,No,No,No,No,
2775,Yes,Yes,No,No,No,No,No,No,No,No,No,No,No,No,
2777,Yes,Yes,Yes,Yes,Yes,Yes,Yes,Yes,Yes,Yes,No,No,No,No,
2789,Yes,Yes,Yes,Yes,Yes,No,No,No,No,No,No,No,No,No,
2805,Yes,Yes,Yes,Yes,Yes,No,No,No,No,No,No,No,No,No,
2806,Yes,Yes,Yes,Yes,Yes,Yes,Yes,Yes,Yes,No,No,No,No,No,
2807,Yes,Yes,Yes,Yes,Yes,Yes,Yes,No,No,No,No,No,No,No,
2826,Yes,Yes,Yes,Yes,Yes,Yes,Yes,No,No,No,No,No,No,No,
2832,Yes,Yes,Yes,Yes,Yes,No,No,No,No,No,No,No,No,No,
2848,Yes,Yes,Yes,Yes,Yes,Yes,Yes,Yes,Yes,Yes,No,No,No,No,
2877,Yes,Yes,Yes,Yes,Yes,Yes,Yes,Yes,Yes,No,Yes,No,No,No,
2882,Yes,Yes,Yes,Yes,Yes,Yes,Yes,Yes,Yes,No,Yes,No,No,No,
2889,Yes,Yes,Yes,Yes,Yes,Yes,Yes,Yes,Yes,No,Yes,No,No,No,
2948,Yes,Yes,Yes,Yes,Yes,Yes,Yes,No,No,No,No,No,No,No,
2955,Yes,Yes,Yes,Yes,Yes,Yes,Yes,Yes,Yes,No,Yes,No,No,No,
2962,Yes,Yes,Yes,Yes,Yes,Yes,Yes,Yes,Yes,No,No,No,No,No,
2986,Yes,Yes,Yes,Yes,Yes,Yes,Yes,Yes,Yes,No,No,No,No,No,
2988,Yes,Yes,No,No,No,No,No,No,No,No,No,No,No,No,
2998,Yes,Yes,Yes,Yes,Yes,Yes,Yes,Yes,Yes,No,No,No,No,No,
3060,Yes,Yes,Yes,Yes,Yes,Yes,Yes,Yes,Yes,No,No,No,No,No,
3069,Yes,Yes,Yes,Yes,Yes,Yes,Yes,No,No,No,No,No,No,No,
3082,Yes,Yes,Yes,No,No,No,No,No,No,No,No,No,No,No,
3086,Yes,Yes,Yes,Yes,Yes,Yes,Yes,Yes,Yes,No,No,No,No,No,
3093,Yes,Yes,Yes,Yes,Yes,No,No,No,No,No,No,No,No,No,
3105,Yes,Yes,Yes,Yes,Yes,Yes,Yes,Yes,Yes,No,No,No,No,No,
3107,Yes,Yes,Yes,Yes,Yes,Yes,Yes,Yes,Yes,No,No,No,No,No,
3120,Yes,Yes,Yes,Yes,Yes,Yes,Yes,Yes,Yes,No,No,No,No,No,
3130,Yes,Yes,Yes,Yes,Yes,Yes,Yes,Yes,Yes,No,Yes,No,No,No,
3131,Yes,Yes,Yes,Yes,No,No,No,No,No,No,No,No,No,No,
3156,Yes,Yes,Yes,Yes,Yes,Yes,Yes,No,No,No,No,No,No,No,
3177,Yes,Yes,Yes,Yes,Yes,Yes,Yes,Yes,Yes,No,No,No,No,No,
3215,Yes,Yes,Yes,Yes,Yes,Yes,Yes,No,No,No,No,No,No,No,
3222,Yes,Yes,Yes,Yes,Yes,Yes,Yes,No,No,No,No,No,No,No,
3234,Yes,Yes,Yes,Yes,Yes,Yes,Yes,Yes,Yes,No,Yes,No,No,No,
3236,Yes,Yes,Yes,Yes,Yes,Yes,Yes,No,No,No,No,No,No,No,
3240,Yes,Yes,Yes,Yes,Yes,Yes,Yes,Yes,Yes,No,Yes,No,No,No,
3245,Yes,Yes,Yes,Yes,Yes,Yes,Yes,Yes,Yes,No,No,No,No,No,
3252,Yes,Yes,Yes,Yes,No,No,No,No,No,No,No,No,No,No,
3256,Yes,Yes,Yes,Yes,Yes,Yes,Yes,No,No,No,No,No,No,No,
3264,Yes,Yes,Yes,Yes,Yes,Yes,Yes,Yes,Yes,No,No,No,No,No,
3273,Yes,Yes,Yes,Yes,Yes,Yes,Yes,No,No,No,No,No,No,No,
3291,Yes,Yes,Yes,Yes,Yes,Yes,Yes,Yes,Yes,No,No,No,No,No,
3301,Yes,Yes,Yes,Yes,Yes,Yes,Yes,Yes,Yes,No,Yes,No,No,No,
3305,Yes,Yes,Yes,Yes,Yes,Yes,Yes,No,No,No,No,No,No,No,
3317,Yes,Yes,Yes,Yes,Yes,Yes,Yes,No,No,No,No,No,No,No,
3320,Yes,Yes,Yes,Yes,No,No,No,No,No,No,No,No,No,No,
3322,Yes,Yes,Yes,Yes,Yes,Yes,Yes,Yes,Yes,No,No,No,No,No,
3329,Yes,Yes,No,No,No,No,No,No,No,No,No,No,No,No,
3331,Yes,Yes,Yes,No,No,No,No,No,No,No,No,No,No,No,
3332,Yes,Yes,Yes,Yes,Yes,Yes,Yes,No,No,No,No,No,No,No,
3349,Yes,Yes,Yes,Yes,No,No,No,No,No,No,No,No,No,No,
3352,Yes,Yes,Yes,Yes,Yes,Yes,Yes,No,No,No,No,No,No,No,
3356,Yes,Yes,Yes,Yes,Yes,Yes,Yes,Yes,Yes,No,No,No,No,No,
3359,Yes,Yes,Yes,Yes,Yes,No,No,No,No,No,No,No,No,No,
3361,Yes,Yes,Yes,Yes,Yes,Yes,Yes,No,No,No,No,No,No,No,
3366,Yes,Yes,Yes,Yes,Yes,Yes,Yes,No,No,No,No,No,No,No,
3373,Yes,Yes,Yes,Yes,Yes,Yes,Yes,Yes,Yes,No,No,No,No,No,
3417,Yes,Yes,Yes,Yes,Yes,Yes,Yes,Yes,Yes,No,No,No,No,No,
3422,Yes,Yes,Yes,Yes,Yes,Yes,Yes,Yes,No,No,No,No,No,No,
3448,Yes,Yes,Yes,Yes,Yes,No,No,No,No,No,No,No,No,No,
3474,Yes,Yes,Yes,Yes,Yes,Yes,Yes,No,No,No,No,No,No,No,
3482,Yes,Yes,Yes,Yes,Yes,Yes,Yes,No,No,No,No,No,No,No,
3483,Yes,Yes,Yes,Yes,Yes,Yes,Yes,Yes,Yes,No,No,No,No,No,
3490,Yes,Yes,Yes,Yes,Yes,Yes,Yes,Yes,Yes,No,Yes,No,No,No,
4337,Yes,Yes,Yes,Yes,Yes,Yes,Yes,No,No,No,No,No,No,No,
4351,Yes,Yes,Yes,No,No,No,No,No,No,No,No,No,No,No,
4359,Yes,Yes,Yes,Yes,Yes,No,No,No,No,No,No,No,No,No,
4371,Yes,Yes,No,No,No,No,No,No,No,No,No,No,No,No,
4381,Yes,Yes,Yes,No,No,No,No,No,No,No,No,No,No,No,
4389,Yes,Yes,No,No,No,No,No,No,No,No,No,No,No,No,
4394,Yes,Yes,Yes,Yes,Yes,Yes,Yes,Yes,Yes,No,No,No,No,No,
4396,Yes,Yes,Yes,Yes,No,No,No,No,No,No,No,No,No,No,
4400,Yes,Yes,Yes,Yes,Yes,No,No,No,No,No,No,No,No,No,
4436,Yes,Yes,Yes,Yes,No,No,No,No,No,No,No,No,No,No,
4474,Yes,Yes,No,No,No,No,No,No,No,No,No,No,No,No,
4483,Yes,Yes,Yes,Yes,Yes,Yes,Yes,Yes,Yes,No,No,No,No,No,
4521,Yes,Yes,Yes,Yes,Yes,Yes,Yes,No,No,No,No,No,No,No,
4634,Yes,Yes,No,No,No,No,No,No,No,No,No,No,No,No,
4815,Yes,Yes,Yes,No,No,No,No,No,No,No,No,No,No,No,
4822,Yes,Yes,Yes,No,No,No,No,No,No,No,No,No,No,No,
4827,Yes,Yes,Yes,No,No,No,No,No,No,No,No,No,No,No,
4828,Yes,Yes,Yes,Yes,Yes,Yes,Yes,No,No,No,No,No,No,No,
4830,Yes,Yes,No,No,No,No,No,No,No,No,No,No,No,No,
4832,Yes,Yes,Yes,Yes,Yes,No,No,No,No,No,No,No,No,No,
4835,Yes,Yes,Yes,Yes,Yes,Yes,Yes,Yes,No,No,No,No,No,No,
4849,Yes,Yes,Yes,Yes,Yes,Yes,Yes,Yes,Yes,No,No,No,No,No,
4851,Yes,Yes,Yes,Yes,Yes,Yes,Yes,Yes,Yes,No,No,No,No,No,
4901,Yes,Yes,Yes,Yes,Yes,Yes,Yes,No,No,No,No,No,No,No,
4911,Yes,Yes,No,No,No,No,No,No,No,No,No,No,No,No,
4916,Yes,Yes,Yes,No,No,No,No,No,No,No,No,No,No,No,
4923,Yes,Yes,Yes,Yes,No,No,No,No,No,No,No,No,No,No,
5004,Yes,Yes,Yes,Yes,Yes,Yes,Yes,No,No,No,No,No,No,No,
5013,Yes,Yes,Yes,Yes,No,No,No,No,No,No,No,No,No,No,
5084,Yes,Yes,Yes,Yes,Yes,Yes,Yes,No,No,No,No,No,No,No,
5086,Yes,Yes,Yes,Yes,Yes,No,No,No,No,No,No,No,No,No,
5116,Yes,Yes,No,No,No,No,No,No,No,No,No,No,No,No,
5120,Yes,Yes,Yes,Yes,Yes,Yes,Yes,Yes,Yes,Yes,No,No,No,No,
5123,Yes,Yes,Yes,Yes,Yes,Yes,Yes,Yes,Yes,No,Yes,No,No,No,
5125,Yes,Yes,Yes,Yes,Yes,Yes,Yes,Yes,Yes,No,Yes,No,No,No,
5130,Yes,Yes,Yes,Yes,Yes,Yes,Yes,No,No,No,No,No,No,No,
5140,Yes,Yes,Yes,Yes,No,No,No,No,No,No,No,No,No,No,
5152,Yes,Yes,Yes,Yes,Yes,Yes,Yes,Yes,Yes,No,No,No,No,No,
5157,Yes,Yes,No,No,No,No,No,No,No,No,No,No,No,No,
5158,Yes,Yes,Yes,Yes,Yes,Yes,Yes,Yes,Yes,No,No,No,No,No,
5177,Yes,Yes,Yes,No,No,No,No,No,No,No,No,No,No,No,
5178,Yes,Yes,Yes,Yes,Yes,Yes,Yes,No,No,No,No,No,No,No,
5196,Yes,Yes,No,No,No,No,No,No,No,No,No,No,No,No,
5199,Yes,Yes,Yes,Yes,No,No,No,No,No,No,No,No,No,No,
5210,Yes,Yes,Yes,Yes,Yes,Yes,Yes,Yes,Yes,No,Yes,No,No,No,
5215,Yes,Yes,Yes,Yes,Yes,Yes,Yes,No,No,No,No,No,No,No,
5222,Yes,Yes,Yes,Yes,Yes,Yes,Yes,Yes,Yes,No,No,No,No,No,
5241,Yes,Yes,Yes,Yes,Yes,Yes,Yes,No,No,No,No,No,No,No,
5260,Yes,Yes,Yes,Yes,Yes,Yes,Yes,No,No,No,No,No,No,No,
5275,Yes,Yes,Yes,Yes,Yes,Yes,Yes,No,No,No,No,No,No,No,
5282,Yes,Yes,Yes,Yes,Yes,Yes,Yes,No,No,No,No,No,No,No,
5284,Yes,Yes,Yes,Yes,Yes,Yes,Yes,No,No,No,No,No,No,No,
5295,Yes,Yes,Yes,Yes,Yes,Yes,Yes,No,No,No,No,No,No,No,
5327,Yes,Yes,Yes,Yes,Yes,Yes,Yes,Yes,Yes,No,No,No,No,No,
5343,Yes,Yes,Yes,No,No,No,No,No,No,No,No,No,No,No,
5372,Yes,Yes,Yes,Yes,Yes,No,No,No,No,No,No,No,No,No,
5376,Yes,Yes,Yes,Yes,Yes,No,No,No,No,No,No,No,No,No,
5377,Yes,Yes,Yes,Yes,Yes,Yes,Yes,No,No,No,No,No,No,No,
5380,Yes,Yes,Yes,Yes,No,No,No,No,No,No,No,No,No,No,
5383,Yes,Yes,Yes,No,No,No,No,No,No,No,No,No,No,No,
5404,Yes,Yes,Yes,Yes,Yes,Yes,Yes,No,No,No,No,No,No,No,
5408,Yes,Yes,Yes,Yes,No,No,No,No,No,No,No,No,No,No,
5418,Yes,Yes,Yes,Yes,Yes,No,No,No,No,No,No,No,No,No,
5430,Yes,Yes,Yes,Yes,Yes,No,No,No,No,No,No,No,No,No,
5432,Yes,Yes,Yes,Yes,Yes,Yes,Yes,No,No,No,No,No,No,No,
5453,Yes,Yes,Yes,Yes,Yes,Yes,Yes,No,No,No,No,No,No,No,
5460,Yes,Yes,Yes,Yes,Yes,Yes,Yes,No,No,No,No,No,No,No,
5465,Yes,Yes,Yes,Yes,Yes,No,No,No,No,No,No,No,No,No,
5469,Yes,Yes,Yes,Yes,Yes,Yes,Yes,Yes,Yes,No,No,No,No,No,
5481,Yes,Yes,Yes,Yes,Yes,Yes,Yes,Yes,Yes,No,No,No,No,No,
5486,Yes,Yes,Yes,No,No,No,No,No,No,No,No,No,No,No,
5487,Yes,Yes,Yes,Yes,Yes,No,No,No,No,No,No,No,No,No,
5501,Yes,Yes,Yes,Yes,Yes,No,No,No,No,No,No,No,No,No,
5508,Yes,Yes,No,No,No,No,No,No,No,No,No,No,No,No,
5509,Yes,Yes,Yes,No,No,No,No,No,No,No,No,No,No,No,
5513,Yes,Yes,Yes,Yes,No,No,No,No,No,No,No,No,No,No,
5518,Yes,Yes,Yes,Yes,Yes,Yes,Yes,No,No,No,No,No,No,No,
5531,Yes,Yes,Yes,No,No,No,No,No,No,No,No,No,No,No,
5539,Yes,Yes,Yes,Yes,Yes,Yes,Yes,Yes,Yes,No,No,No,No,No,
5581,Yes,Yes,Yes,No,No,No,No,No,No,No,No,No,No,No,
5599,Yes,Yes,No,No,No,No,No,No,No,No,No,No,No,No,
5600,Yes,Yes,Yes,Yes,Yes,Yes,Yes,No,No,No,No,No,No,No,
5603,Yes,Yes,Yes,Yes,Yes,Yes,Yes,Yes,Yes,No,No,No,No,No,
5611,Yes,Yes,Yes,Yes,Yes,No,No,No,No,No,No,No,No,No,
5644,Yes,Yes,Yes,Yes,Yes,Yes,Yes,No,No,No,No,No,No,No,
5685,Yes,Yes,Yes,Yes,Yes,No,No,No,No,No,No,No,No,No,
5688,Yes,Yes,Yes,Yes,Yes,Yes,Yes,No,No,No,No,No,No,No,
5692,Yes,Yes,Yes,Yes,No,No,No,No,No,No,No,No,No,No,
5714,Yes,Yes,Yes,Yes,No,No,No,No,No,No,No,No,No,No,
5727,Yes,Yes,Yes,Yes,Yes,No,No,No,No,No,No,No,No,No,
5736,Yes,Yes,Yes,Yes,Yes,Yes,Yes,Yes,Yes,No,No,No,No,No,
5777,Yes,Yes,Yes,Yes,Yes,No,No,No,No,No,No,No,No,No,
5784,Yes,Yes,Yes,Yes,Yes,Yes,Yes,No,No,No,No,No,No,No,
5841,Yes,Yes,Yes,Yes,No,No,No,No,No,No,No,No,No,No,
5842,Yes,Yes,Yes,Yes,Yes,Yes,Yes,No,No,No,No,No,No,No,
5870,Yes,Yes,Yes,No,No,No,No,No,No,No,No,No,No,No,
5878,Yes,Yes,Yes,Yes,No,No,No,No,No,No,No,No,No,No,
5906,Yes,Yes,Yes,Yes,Yes,Yes,Yes,No,No,No,No,No,No,No,
5907,Yes,Yes,Yes,No,No,No,No,No,No,No,No,No,No,No,
5909,Yes,Yes,Yes,Yes,Yes,Yes,Yes,No,No,No,No,No,No,No,
5911,Yes,Yes,Yes,No,No,No,No,No,No,No,No,No,No,No,
5912,Yes,Yes,Yes,Yes,Yes,Yes,Yes,Yes,Yes,No,No,No,No,No,
5915,Yes,Yes,Yes,Yes,Yes,Yes,Yes,No,No,No,No,No,No,No,
5923,Yes,Yes,No,No,No,No,No,No,No,No,No,No,No,No,
5926,Yes,Yes,Yes,Yes,Yes,Yes,Yes,Yes,Yes,No,No,No,No,No,
5928,Yes,Yes,Yes,No,No,No,No,No,No,No,No,No,No,No,
5932,Yes,Yes,Yes,Yes,Yes,No,No,No,No,No,No,No,No,No,
5933,Yes,Yes,Yes,Yes,No,No,No,No,No,No,No,No,No,No,
5939,Yes,Yes,Yes,Yes,Yes,Yes,Yes,Yes,Yes,No,Yes,No,No,No,
5945,Yes,Yes,Yes,Yes,Yes,Yes,Yes,No,No,No,No,No,No,No,
5946,Yes,Yes,Yes,Yes,Yes,Yes,Yes,Yes,Yes,No,No,No,No,No,
5949,Yes,Yes,Yes,No,No,No,No,No,No,No,No,No,No,No,
5953,Yes,Yes,Yes,Yes,Yes,No,No,No,No,No,No,No,No,No,
5956,Yes,Yes,Yes,Yes,Yes,No,No,No,No,No,No,No,No,No,
5958,Yes,Yes,No,No,No,No,No,No,No,No,No,No,No,No,
5983,Yes,Yes,Yes,Yes,Yes,Yes,Yes,No,No,No,No,No,No,No,
5989,Yes,Yes,Yes,Yes,No,No,No,No,No,No,No,No,No,No,
6005,Yes,Yes,Yes,Yes,Yes,No,No,No,No,No,No,No,No,No,
6018,Yes,Yes,Yes,Yes,Yes,Yes,Yes,No,No,No,No,No,No,No,
6026,Yes,Yes,Yes,No,No,No,No,No,No,No,No,No,No,No,
6031,Yes,Yes,Yes,Yes,No,No,No,No,No,No,No,No,No,No,
6033,Yes,Yes,Yes,Yes,Yes,Yes,Yes,No,No,No,No,No,No,No,
6038,Yes,Yes,Yes,Yes,Yes,Yes,Yes,No,No,No,No,No,No,No,
6039,Yes,Yes,Yes,No,No,No,No,No,No,No,No,No,No,No,
6041,Yes,Yes,Yes,Yes,Yes,Yes,Yes,No,No,No,No,No,No,No,
6042,Yes,Yes,Yes,Yes,No,No,No,No,No,No,No,No,No,No,
6044,Yes,Yes,No,No,No,No,No,No,No,No,No,No,No,No,
6057,Yes,Yes,Yes,Yes,Yes,Yes,Yes,No,No,No,No,No,No,No,
6063,Yes,Yes,No,No,No,No,No,No,No,No,No,No,No,No,
6069,Yes,Yes,Yes,Yes,No,No,No,No,No,No,No,No,No,No,
6075,Yes,Yes,Yes,Yes,Yes,Yes,Yes,No,No,No,No,No,No,No,
6077,Yes,Yes,No,No,No,No,No,No,No,No,No,No,No,No,
6079,Yes,Yes,Yes,No,No,No,No,No,No,No,No,No,No,No,
6101,Yes,Yes,No,No,No,No,No,No,No,No,No,No,No,No,
6105,Yes,Yes,Yes,Yes,Yes,No,No,No,No,No,No,No,No,No,
6126,Yes,Yes,Yes,No,No,No,No,No,No,No,No,No,No,No,
6150,Yes,Yes,Yes,Yes,Yes,Yes,Yes,No,No,No,No,No,No,No,
6162,Yes,Yes,Yes,Yes,Yes,Yes,Yes,No,No,No,No,No,No,No,
6172,Yes,Yes,Yes,Yes,Yes,Yes,Yes,No,No,No,No,No,No,No,
6179,Yes,Yes,Yes,Yes,Yes,Yes,Yes,No,No,No,No,No,No,No,
6200,Yes,Yes,Yes,Yes,Yes,Yes,Yes,No,No,No,No,No,No,No,
6206,Yes,Yes,Yes,Yes,No,No,No,No,No,No,No,No,No,No,
6212,Yes,Yes,Yes,Yes,Yes,Yes,Yes,No,No,No,No,No,No,No,
6217,Yes,Yes,Yes,Yes,No,No,No,No,No,No,No,No,No,No,
6230,Yes,Yes,Yes,No,No,No,No,No,No,No,No,No,No,No,
6231,Yes,Yes,Yes,Yes,Yes,Yes,Yes,No,No,No,No,No,No,No,
6234,Yes,Yes,Yes,No,No,No,No,No,No,No,No,No,No,No,
6235,Yes,Yes,Yes,Yes,Yes,Yes,Yes,Yes,Yes,No,No,No,No,No,
6244,Yes,Yes,Yes,No,No,No,No,No,No,No,No,No,No,No,
6248,Yes,Yes,Yes,Yes,Yes,No,No,No,No,No,No,No,No,No,
6278,Yes,Yes,Yes,No,No,No,No,No,No,No,No,No,No,No,
6289,Yes,Yes,Yes,No,No,No,No,No,No,No,No,No,No,No,
6291,Yes,Yes,No,No,No,No,No,No,No,No,No,No,No,No,
6318,Yes,Yes,Yes,Yes,Yes,Yes,Yes,No,No,No,No,No,No,No,
6319,Yes,Yes,Yes,No,No,No,No,No,No,No,No,No,No,No,
6339,Yes,Yes,No,No,No,No,No,No,No,No,No,No,No,No,
6346,Yes,Yes,No,No,No,No,No,No,No,No,No,No,No,No,
6349,Yes,Yes,No,No,No,No,No,No,No,No,No,No,No,No,
6363,Yes,Yes,Yes,No,No,No,No,No,No,No,No,No,No,No,
6364,Yes,Yes,Yes,No,No,No,No,No,No,No,No,No,No,No,
6365,Yes,Yes,Yes,No,No,No,No,No,No,No,No,No,No,No,
6371,Yes,Yes,Yes,No,No,No,No,No,No,No,No,No,No,No,
6390,Yes,Yes,Yes,Yes,Yes,Yes,Yes,No,No,No,No,No,No,No,
6408,Yes,Yes,Yes,Yes,Yes,No,No,No,No,No,No,No,No,No,
6413,Yes,Yes,Yes,Yes,Yes,Yes,Yes,No,No,No,No,No,No,No,
6422,Yes,Yes,Yes,No,No,No,No,No,No,No,No,No,No,No,
6431,Yes,Yes,Yes,No,No,No,No,No,No,No,No,No,No,No,
6434,Yes,Yes,Yes,Yes,Yes,No,No,No,No,No,No,No,No,No,
6440,Yes,Yes,Yes,Yes,Yes,Yes,Yes,Yes,Yes,No,No,No,No,No,
6483,Yes,Yes,Yes,No,No,No,No,No,No,No,No,No,No,No,
6499,Yes,Yes,No,No,No,No,No,No,No,No,No,No,No,No,
6545,Yes,Yes,Yes,No,No,No,No,No,No,No,No,No,No,No,
6554,Yes,Yes,Yes,Yes,Yes,No,No,No,No,No,No,No,No,No,
6555,Yes,Yes,No,No,No,No,No,No,No,No,No,No,No,No,
6560,Yes,Yes,Yes,Yes,Yes,No,No,No,No,No,No,No,No,No,
6567,Yes,Yes,Yes,Yes,No,No,No,No,No,No,No,No,No,No,
6568,Yes,Yes,Yes,Yes,Yes,Yes,Yes,Yes,Yes,No,No,No,No,No,
6585,Yes,Yes,No,No,No,No,No,No,No,No,No,No,No,No,
6593,Yes,Yes,Yes,Yes,Yes,Yes,Yes,Yes,Yes,No,No,No,No,No,
6600,Yes,Yes,Yes,Yes,Yes,No,No,No,No,No,No,No,No,No,
6601,Yes,Yes,Yes,Yes,Yes,No,No,No,No,No,No,No,No,No,
6608,Yes,Yes,Yes,Yes,Yes,Yes,Yes,No,No,No,No,No,No,No,
6611,Yes,Yes,Yes,Yes,Yes,Yes,Yes,No,No,No,No,No,No,No,
6626,Yes,Yes,Yes,Yes,Yes,Yes,Yes,No,No,No,No,No,No,No,
6629,Yes,Yes,Yes,Yes,Yes,No,No,No,No,No,No,No,No,No,
6634,Yes,Yes,Yes,Yes,Yes,Yes,Yes,Yes,Yes,No,No,No,No,No,
6639,Yes,Yes,No,No,No,No,No,No,No,No,No,No,No,No,
6640,Yes,Yes,Yes,No,No,No,No,No,No,No,No,No,No,No,
6663,Yes,Yes,Yes,No,No,No,No,No,No,No,No,No,No,No,
6665,Yes,Yes,Yes,No,No,No,No,No,No,No,No,No,No,No,
6666,Yes,Yes,No,No,No,No,No,No,No,No,No,No,No,No,
6699,Yes,Yes,Yes,Yes,Yes,Yes,Yes,Yes,Yes,No,No,No,No,No,
6724,Yes,Yes,Yes,Yes,Yes,Yes,Yes,No,No,No,No,No,No,No,
6740,Yes,Yes,Yes,Yes,Yes,No,No,No,No,No,No,No,No,No,
6773,Yes,Yes,Yes,Yes,Yes,Yes,Yes,No,No,No,No,No,No,No,
6776,Yes,Yes,Yes,No,No,No,No,No,No,No,No,No,No,No,
6779,Yes,Yes,Yes,Yes,No,No,No,No,No,No,No,No,No,No,
6787,Yes,Yes,Yes,Yes,Yes,No,No,No,No,No,No,No,No,No,
6791,Yes,Yes,No,No,No,No,No,No,No,No,No,No,No,No,
6793,Yes,Yes,No,No,No,No,No,No,No,No,No,No,No,No,
6811,Yes,Yes,Yes,Yes,No,No,No,No,No,No,No,No,No,No,
6812,Yes,Yes,Yes,No,No,No,No,No,No,No,No,No,No,No,
6814,Yes,Yes,Yes,Yes,Yes,Yes,Yes,Yes,Yes,No,Yes,No,No,No,
6816,Yes,Yes,Yes,Yes,Yes,Yes,Yes,No,No,No,No,No,No,No,
6845,Yes,Yes,No,No,No,No,No,No,No,No,No,No,No,No,
6851,Yes,Yes,No,No,No,No,No,No,No,No,No,No,No,No,
6860,Yes,Yes,No,No,No,No,No,No,No,No,No,No,No,No,
6898,Yes,Yes,No,No,No,No,No,No,No,No,No,No,No,No,
6976,Yes,Yes,Yes,No,No,No,No,No,No,No,No,No,No,No,
6977,Yes,Yes,No,No,No,No,No,No,No,No,No,No,No,No,
6982,Yes,Yes,Yes,No,No,No,No,No,No,No,No,No,No,No,
6997,Yes,Yes,Yes,Yes,Yes,Yes,Yes,Yes,Yes,No,No,No,No,No,
57842,Yes,Yes,Yes,Yes,Yes,Yes,Yes,Yes,Yes,No,No,No,No,No,
57846,Yes,Yes,Yes,Yes,Yes,Yes,Yes,Yes,Yes,No,No,No,No,No,
57903,Yes,Yes,Yes,Yes,Yes,Yes,Yes,Yes,Yes,No,No,No,No,No,
57911,Yes,Yes,Yes,Yes,Yes,Yes,Yes,Yes,Yes,No,No,No,No,No,
57914,Yes,Yes,Yes,Yes,Yes,Yes,Yes,Yes,Yes,No,No,No,No,No,
57920,Yes,Yes,Yes,Yes,Yes,Yes,Yes,Yes,Yes,No,No,No,No,No,
57921,Yes,Yes,Yes,Yes,Yes,Yes,Yes,Yes,Yes,No,No,No,No,No,
57925,Yes,Yes,Yes,Yes,Yes,Yes,Yes,Yes,Yes,No,No,No,No,No,
57941,Yes,Yes,Yes,Yes,Yes,Yes,Yes,Yes,Yes,No,No,No,No,No,
57953,Yes,Yes,Yes,Yes,Yes,Yes,Yes,Yes,Yes,No,No,No,No,No,
57955,Yes,Yes,Yes,Yes,Yes,Yes,Yes,Yes,Yes,No,No,No,No,No,
57960,Yes,Yes,Yes,Yes,Yes,Yes,Yes,Yes,Yes,No,No,No,No,No,
57972,Yes,Yes,Yes,Yes,Yes,Yes,Yes,Yes,Yes,No,No,No,No,No,
57984,Yes,Yes,Yes,Yes,Yes,Yes,Yes,Yes,Yes,No,No,No,No,No,
57993,Yes,Yes,Yes,Yes,Yes,Yes,Yes,Yes,Yes,No,No,No,No,No,
57995,Yes,Yes,Yes,Yes,Yes,Yes,Yes,Yes,Yes,No,No,No,No,No,
57996,Yes,Yes,Yes,Yes,Yes,Yes,Yes,Yes,Yes,No,No,No,No,No,
58001,Yes,Yes,Yes,Yes,Yes,Yes,Yes,Yes,Yes,No,No,No,No,No,
58013,Yes,Yes,Yes,Yes,Yes,Yes,Yes,Yes,Yes,No,No,No,No,No,
58018,Yes,Yes,Yes,Yes,Yes,Yes,Yes,Yes,Yes,No,No,No,No,No,
58020,Yes,Yes,Yes,Yes,Yes,Yes,Yes,Yes,Yes,No,No,No,No,No,
58022,Yes,Yes,Yes,Yes,Yes,Yes,Yes,Yes,Yes,No,No,No,No,No,
380,Yes,Yes,Yes,Yes,Yes,Yes,Yes,Yes,Yes,No,Yes,Yes,Yes,Yes,
996,Yes,Yes,Yes,Yes,Yes,Yes,Yes,Yes,Yes,No,No,No,No,No,
3786,Yes,Yes,Yes,Yes,Yes,Yes,Yes,Yes,Yes,No,No,No,No,No,
1431100,Yes,Yes,Yes,Yes,Yes,Yes,Yes,Yes,Yes,No,No,No,No,No,
2232300,Yes,Yes,Yes,Yes,Yes,Yes,Yes,Yes,Yes,No,No,No,No,No,
5297700,Yes,Yes,Yes,Yes,Yes,Yes,Yes,Yes,Yes,No,No,No,No,No,
5644199,Yes,Yes,Yes,Yes,Yes,Yes,Yes,Yes,Yes,No,No,No,No,No,
5797002,Yes,Yes,Yes,Yes,Yes,Yes,Yes,Yes,Yes,No,No,No,No,No,
6092300,Yes,Yes,Yes,Yes,Yes,Yes,Yes,Yes,Yes,No,No,No,No,No,
6109400,Yes,Yes,Yes,Yes,Yes,Yes,Yes,Yes,Yes,No,No,No,No,No,
12022020,Yes,Yes,Yes,Yes,Yes,Yes,Yes,Yes,Yes,No,No,No,No,No,
13032020,Yes,Yes,Yes,Yes,Yes,Yes,Yes,Yes,Yes,No,No,No,No,No,
17052019,Yes,Yes,Yes,Yes,Yes,Yes,Yes,Yes,Yes,No,No,No,No,No,
23042020,Yes,Yes,Yes,Yes,Yes,Yes,Yes,Yes,Yes,No,No,No,No,No,
